ecosys,mvg,cmz,areatot,areaeff,areatot_connadj,areaeff_connadj,areatot_compcorr,areaeff_compcorr,areatot_connadj_compcorr,areaeff_connadj_compcorr,areaeff_scaled,log_areatot,delta_persist_1ha,cons_sig
83,4,14,390.42,105.63740524291993,390.42,10.163556604385377,9032.651411037481,5310.563363141348,9032.651411037481,2037.2437160563195,0.22554216069568478,9.108601225797157,8.455202823653973e-05,0.9975786924939467
680,32,13,0.81,0.017352633699774744,0.81,0.018390280455350877,12171.38301493381,5799.305815863195,12171.38301493381,3035.224741047861,0.2493738581165147,9.40684282085059,5.819802360673698e-05,0.9951573849878934
334,15,12,6867.990000000001,4251.224091796876,6867.990000000001,1375.644100341797,13839.58107119511,7730.217643677542,13839.58107119511,3072.0800353915934,0.22197781996346985,9.535287959291214,5.585111811501342e-05,0.9927360774818402
207,9,23,7006.500000000001,3049.018374023438,7006.500000000001,742.4774230957032,19043.300889205715,9551.431688354245,19043.300889205715,3230.630710042912,0.16964657171772807,9.854470659348914,4.965792386679713e-05,0.9903147699757869
80,4,11,32.400000000000006,14.021909122467042,32.400000000000006,0.6359994471073152,16841.158962433292,9604.322000406853,16841.158962433292,3577.009816718291,0.21239689172801843,9.73158110742542,4.744182543081621e-05,0.9878934624697336
690,32,23,37009.71,5346.9717626953125,37009.71,617.9167858886719,56074.62682190754,10900.65391281268,56074.62682190754,2471.3081479606685,0.04407177163763423,10.934438704384679,4.6343341538246374e-05,0.9854721549636803
335,15,13,649.62,433.28113220214846,649.62,214.81601440429688,23750.293632002464,11404.819591685658,23750.293632002464,4156.9527585929345,0.1750274258921846,10.075350172839096,3.889576091375968e-05,0.9830508474576272
73,4,4,1747.98,339.77910552978517,1747.98,39.13976211547852,27655.150364155295,13397.385726981654,27655.150364155295,4639.09720916181,0.16774803781847045,10.227567259555755,3.448544185236102e-05,0.9806295399515739
669,32,2,28.35,23.727038955688478,28.35,9.45912320137024,39585.905475501604,11847.788954724529,39585.905475501604,4291.0342966592325,0.10839803321701989,10.586228411551366,3.342684776064253e-05,0.9782082324455206
42,2,19,21.060000000000002,0.15448937326669693,21.060000000000002,0.001799284899607301,22645.22210188021,13946.908318337573,22645.22210188021,5173.247051342273,0.2284476181363107,10.02770416392986,3.34073455702244e-05,0.9757869249394673
675,32,8,2267.19,928.2896630859376,2267.19,228.21678314208987,22832.10854279478,10422.55118113511,22832.10854279478,5197.976641862297,0.22766082388403164,10.035923093681964,3.321975550640843e-05,0.9733656174334141
158,7,20,1948.8600000000001,651.8653967285156,1948.8600000000001,133.1578894042969,25743.092551168233,14325.940682911218,25743.092551168233,5746.457862530866,0.22322329188340229,10.155921619666229,2.9901730314918495e-05,0.9709443099273608
400,18,9,142.56,101.1382814025879,142.56,61.874799499511724,20433.5024209308,13516.310931109301,20433.5024209308,6827.377945940559,0.33412666146489994,9.924931108308291,2.7838125854717788e-05,0.9685230024213075
182,8,21,1901.0700000000002,862.5773254394531,1901.0700000000002,201.81846588134766,51759.52570899353,15892.387603139052,51759.52570899353,5039.998909369739,0.09737335959579722,10.854363765859876,2.7706858946485724e-05,0.9661016949152542
88,4,19,4911.84,2850.2027270507815,4911.84,1063.2394995117188,33596.190164768035,16707.103569688334,33596.190164768035,5822.67895901201,0.17331366831939743,10.422167951569064,2.770112447658679e-05,0.9636803874092009
391,17,23,8150.22,3540.4344580078127,8150.22,591.1034820556641,43466.53682625614,19323.506482795012,43466.53682625614,5445.170165841863,0.12527269397162294,10.67974665267611,2.731258145882709e-05,0.9612590799031477
477,21,17,787.32,451.69340515136724,787.32,83.01429656982423,43346.730758593774,19209.474099375908,43346.730758593774,5715.443536087268,0.1318540853269342,10.67698656433816,2.63563323195104e-05,0.9588377723970944
79,4,10,1772.2800000000002,637.024658203125,1772.2800000000002,38.42387443542481,34203.23923434409,19322.37069441341,34203.23923434409,6703.714326314147,0.19599647508189302,10.440075633020072,2.4812029129739344e-05,0.9564164648910412
174,8,13,6540.75,4057.8290771484376,6540.75,1763.6413183593752,48498.37636065255,20294.159317277554,48498.37636065255,6766.846113114795,0.13952727123881278,10.789285599265257,2.257846524222895e-05,0.9539951573849879
209,10,2,6186.780000000001,3981.1942968750004,6186.780000000001,1269.4944506835939,40609.53228243621,22820.439599476187,40609.53228243621,7275.370062029956,0.17915424416686976,10.611758103313752,2.2354723952844324e-05,0.9515738498789347
328,15,6,296.46000000000004,127.93654357910157,296.46000000000004,31.828163681030276,70074.27155308636,25055.93695932439,70074.27155308636,6246.217752353776,0.08913710572962305,11.157310980732241,2.1868120015366976e-05,0.9491525423728814
205,9,21,6692.22,3303.5644335937504,6692.22,422.80200439453125,37247.37783238054,20287.540302778045,37247.37783238054,7783.228994652614,0.2089604543352945,10.525336827568353,2.171577348453191e-05,0.9467312348668281
480,21,20,30340.170000000002,12790.0233984375,30340.170000000002,2185.2152709960938,58650.43746506527,26067.00081152117,58650.43746506527,6838.87135337367,0.11660392742078347,10.979350312963698,2.1360433215877883e-05,0.9443099273607748
90,4,21,26913.870000000003,13440.244570312501,26913.870000000003,2149.0702075195313,63463.77922839421,34855.33438782384,63463.77922839421,6803.371932324861,0.10720086346955172,11.058224616285417,2.1025262601837014e-05,0.9418886198547215
665,31,21,502.20000000000005,210.14037048339844,502.20000000000005,23.850236549377442,33457.54728925229,20649.843220521743,33457.54728925229,8966.54627206265,0.267997716465696,10.418032669082137,2.0059930578963936e-05,0.9394673123486683
230,10,23,50364.990000000005,24814.163320312502,50364.990000000005,4862.328354492188,65660.56003767876,32843.34605458848,65660.56003767876,7224.146111102201,0.11002260880742847,11.092253720377704,1.9929730660006584e-05,0.937046004842615
688,32,21,67322.34000000001,14614.057968750001,67322.34000000001,1691.4923876953126,103917.88257258756,26310.03437274091,103917.88257258756,6565.828588799797,0.0631828557920578,11.551356275584428,1.9088661568411602e-05,0.9346246973365617
464,21,4,827.82,355.2018338012696,827.82,33.41762615203858,48741.120679036765,24366.84299836944,48741.120679036765,8662.946756017525,0.17773384434600006,10.794278319919309,1.873691550779988e-05,0.9322033898305084
409,18,18,16887.690000000002,10703.20552734375,16887.690000000002,2963.1091333007817,38798.87718029292,23469.380115568183,38798.87718029292,9576.997703562536,0.24683698085023378,10.56614658654039,1.8399082940878664e-05,0.9297820823244553
228,10,21,47735.73,20743.789921875003,47735.73,3163.6859765625004,72084.85765403033,34755.594288307206,72084.85765403033,8014.451151563473,0.11118078626205594,11.185599282547937,1.8011643308724068e-05,0.927360774818402
667,31,23,15757.740000000002,8431.019472656251,15757.740000000002,1461.385349121094,40605.41510702114,24591.78887183652,40605.41510702114,9798.142276906385,0.2413013695607356,10.611656713716124,1.788214421460932e-05,0.9249394673123487
86,4,17,8680.77,4267.124296875,8680.77,1201.5878356933595,56555.66888239699,26947.635165158314,56555.66888239699,8817.14027735827,0.15590197148393403,10.942980722008917,1.7815855849256934e-05,0.9225181598062954
84,4,15,12088.44,5530.722319335938,12088.44,852.6289196777344,57653.17195748023,33773.78656224081,57653.17195748023,8779.979242193163,0.15228961294043775,10.962200545128626,1.7786706632105798e-05,0.9200968523002422
203,9,19,2626.02,406.72728149414064,2626.02,15.76945266723633,40477.91143741084,21935.723872662682,40477.91143741084,10074.196368670751,0.24888132838197508,10.608511707704661,1.752715834724139e-05,0.9176755447941889
325,15,3,86.67,70.6291609954834,86.67,32.857664337158205,45355.79034250623,21200.498846972325,45355.79034250623,10072.042195053256,0.22206739468089498,10.722293128594634,1.7038348719800034e-05,0.9152542372881356
213,10,6,4016.7900000000004,2387.685212402344,4016.7900000000004,651.5229364013672,45886.535798484365,27374.04796866326,45886.535798484365,10303.386340480267,0.22454051414403325,10.733927015293059,1.6701977578637006e-05,0.9128329297820823
478,21,18,42105.420000000006,19953.384960937503,42105.420000000006,6846.460927734375,65681.41044869104,29638.270701276168,65681.41044869104,9258.515827778498,0.14096097761193876,11.092571218449496,1.6544580946464826e-05,0.910411622276029
393,18,2,9464.85,4954.3385009765625,9464.85,1362.6696643066407,79494.64913343436,35979.936442533,79494.64913343436,8849.569115091905,0.11132282753066329,11.283444991879557,1.6317196291026903e-05,0.9079903147699758
370,17,2,9123.84,4563.648369140626,9123.84,1448.29107421875,71888.41909319913,31497.175362687383,71888.41909319913,9745.852496001742,0.135569158689758,11.182870461100414,1.5564805205037224e-05,0.9055690072639225
332,15,10,392.04,124.17757553100587,392.04,9.961133079528809,60814.75147699213,24663.767867363928,60814.75147699213,10526.88112770224,0.17309749480247147,11.015587661502908,1.5317839517137166e-05,0.9031476997578692
77,4,8,336.96000000000004,164.56615356445315,336.96000000000004,35.179097442626954,43573.286258609856,29276.607302019842,43573.286258609856,11886.261114523311,0.2727878049862408,10.682199541068876,1.5199779188068696e-05,0.9007263922518159
482,21,22,17337.24,9900.116630859377,17337.24,5688.1474804687505,49099.521451012144,26462.40404676975,49099.521451012144,11670.226700106285,0.23768514142749783,10.801604567319885,1.4957095607615045e-05,0.8983050847457628
199,9,15,2107.6200000000003,932.4773986816407,2107.6200000000003,170.27443130493165,57297.10903788049,30628.390469333477,57297.10903788049,11641.842160967977,0.20318376191146534,10.95600544833894,1.441705523330672e-05,0.8958837772397095
169,8,8,27294.570000000003,16294.752597656252,27294.570000000003,6768.0910546875,72830.62347187601,32620.638945279195,72830.62347187601,10989.757884239129,0.15089473850904064,11.195891797821702,1.417769370259947e-05,0.8934624697336562
218,10,11,4.050000000000001,2.1651671576499942,4.050000000000001,0.6588011097908021,50605.28708484268,29894.981867488805,50605.28708484268,12593.707060325944,0.24886148831073454,10.831811337659824,1.40204810146205e-05,0.8910411622276029
466,21,6,40955.22,19948.69740234375,40955.22,5950.375883789063,93763.94012802136,39183.38852481395,93763.94012802136,10471.601429864228,0.11168047562385647,11.448535627477591,1.3800844631317588e-05,0.8886198547215496
333,15,11,4068.63,1322.0719738769533,4068.63,106.93870010375977,119834.33147450247,38666.98550131275,119834.33147450247,9903.300259645386,0.08264159475661233,11.693865496852142,1.3534533454095943e-05,0.8861985472154964
471,21,11,48955.590000000004,12028.018271484376,48955.590000000004,1053.2951477050783,138984.62519745983,45452.112594348,138984.62519745983,10126.307304806613,0.07285919065090725,11.842118595904864,1.2826078959804477e-05,0.8837772397094431
679,32,12,1795.7700000000002,975.3396679687501,1795.7700000000002,349.3622598266602,38162.371940486184,23909.457616870914,38162.371940486184,15743.659132581191,0.41254404095042263,10.549605281400062,1.2725989651851677e-05,0.8813559322033898
201,9,17,1773.9,321.58915740966796,1773.9,33.355454177856444,56280.63827492983,31990.188548660066,56280.63827492983,15073.672562354357,0.26783051906269717,10.938105852225313,1.1930953231931163e-05,0.8789346246973365
92,4,23,93789.90000000001,54589.804453125005,93789.90000000001,11122.7934375,106390.49663574091,61294.174847833565,106390.49663574091,12511.321192495596,0.1175981087420973,11.574871534567388,1.170102488179392e-05,0.8765133171912833
473,21,13,16775.100000000002,5683.2396240234375,16775.100000000002,1062.4183264160156,133703.11197837436,52074.25614457361,133703.11197837436,11700.858794648018,0.08751373563048075,11.803377038648433,1.1620569375536682e-05,0.87409200968523
399,18,8,38295.990000000005,20994.473847656252,38295.990000000005,6058.540151367188,80075.52683703694,45361.451827620134,80075.52683703694,13949.848236084,0.17420863511111917,11.290725553750589,1.1577806075413477e-05,0.8716707021791767
337,15,15,206584.83000000002,34963.1785546875,206584.83000000002,1722.075029296875,278138.42819449323,65987.94911465807,278138.42819449323,9247.251107933107,0.033246938109058426,12.535874211885885,1.1543769871891207e-05,0.8692493946731235
167,8,6,31838.670000000002,14127.24322265625,31838.670000000002,3304.580493164063,129392.82455789168,47141.66338340054,129392.82455789168,12098.951694563146,0.09350558453223927,11.77060820787227,1.1425841441425888e-05,0.8668280871670703
72,4,3,4024.0800000000004,2645.1303442382814,4024.0800000000004,570.1759771728516,83595.36844238528,52241.1927003551,83595.36844238528,14222.450569626351,0.17013443250063068,11.333743396131204,1.1288914380735982e-05,0.864406779661017
470,21,10,3495.15,504.3601647949219,3495.15,22.615391635894778,107523.48287450854,44458.71520484617,107523.48287450854,13122.303072446808,0.12204127620904864,11.58546454803841,1.1260151122405304e-05,0.8619854721549637
176,8,15,12795.570000000002,5426.234296875,12795.570000000002,1014.4731884765625,139794.67088005363,45258.9496863168,139794.67088005363,12043.825502418826,0.08615368115679208,11.847929988456233,1.1245544588200929e-05,0.8595641646489104
411,18,20,299.70000000000005,217.480426940918,299.70000000000005,72.393836517334,49829.86796129751,30643.3174852456,49829.86796129751,19040.849773029746,0.38211720303611146,10.816369841488626,1.0322723070443907e-05,0.8571428571428571
682,32,15,12055.230000000001,3578.6511914062503,12055.230000000001,691.4815356445313,107520.13798675318,35976.02952887449,107520.13798675318,14885.780748561785,0.13844644386892213,11.585433439115093,1.024419652773112e-05,0.8547215496368039
222,10,15,61285.41,35232.3010546875,61285.41,9971.2265625,87673.39494627337,50631.730931623184,87673.39494627337,16266.018321389356,0.18552969611085826,11.38137376798336,1.0086769528072637e-05,0.8523002421307506
394,18,3,13304.25,7236.460898437501,13304.25,1732.0299609375002,91111.64230315684,52031.17970549869,91111.64230315684,16204.458506762916,0.1778527759695696,11.419840872043821,1.0018682126911038e-05,0.8498789346246973
401,18,10,179.82000000000002,102.02268630981446,179.82000000000002,18.861735134124757,63662.27153117508,40107.41722693656,63662.27153117508,18284.153256393653,0.28720548005328395,11.06134738243598,1.0009316667947132e-05,0.847457627118644
204,9,20,16432.47,3460.192646484375,16432.47,712.5680841064453,73374.9500511585,39319.3656070059,73374.9500511585,18027.296843919878,0.24568734740331516,11.20333787639638,9.763287149189281e-06,0.8450363196125908
173,8,12,68407.74,36115.4953125,68407.74,10346.52392578125,106066.65648836043,51273.70369068321,106066.65648836043,16636.36935794538,0.1568482490986319,11.571823010256306,9.456742949054409e-06,0.8426150121065376
475,21,15,213567.03000000003,45854.536640625,213567.03000000003,4935.015571289063,285314.22087305307,74774.01088470439,285314.22087305307,11980.201242833782,0.0419894991780456,12.56134638129077,9.445989865630722e-06,0.8401937046004843
462,21,2,90228.33,40036.8540234375,90228.33,10191.265751953126,168156.06024837837,66265.8597926439,168156.06024837837,14516.230447560853,0.08632594285403307,12.032647757246757,9.334912861591604e-06,0.837772397094431
78,4,9,86.67,62.81131256103516,86.67,36.66045650482178,56504.504058303035,41004.246042113045,56504.504058303035,21397.71860030458,0.37869049480065825,10.942075631803306,9.165075078088059e-06,0.8353510895883777
138,6,23,592.9200000000001,190.48269287109378,592.9200000000001,35.204570617675785,135280.5249114795,54322.93738686633,135280.5249114795,16366.694612731142,0.12098337601395805,11.815105863750324,9.008458953241316e-06,0.8329297820823245
179,8,18,309.42,91.21899490356446,309.42,5.22451877117157,55065.715231823735,31921.240513776225,55065.715231823735,22726.777089918174,0.4127210006124437,10.91628257337919,8.816762301355752e-06,0.8305084745762712
476,21,16,28141.83,6947.241064453126,28141.83,588.3553454589844,134213.64573532745,54878.973512726705,134213.64573532745,17093.25116185985,0.12735851908507242,11.807188180431872,8.737009485559888e-06,0.8280871670702179
404,18,13,65622.15000000001,34890.0191015625,65622.15000000001,7741.6635937500005,122702.29834856172,67959.35391027766,122702.29834856172,17801.838968391527,0.14508154458379952,11.717516361970691,8.667004754658869e-06,0.8256658595641646
481,21,21,124935.21,44463.807773437504,124935.21,6728.799726562501,252658.817270058,90529.43143787037,252658.817270058,14463.905213167644,0.05724678588084931,12.439795309260344,8.45436432878044e-06,0.8232445520581114
253,11,23,6521.31,1355.6542456054688,6521.31,259.7816436767578,127629.74458488061,54910.59468486654,127629.74458488061,19122.43029523006,0.1498273804231632,11.75688873075935,8.133663520371037e-06,0.8208232445520581
506,22,23,1180.98,559.8827380371094,1180.98,116.54151855468751,69537.45752880354,43316.32964985152,69537.45752880354,23424.273944830795,0.33685836061993035,11.14962084361656,8.13071522598463e-06,0.8184019370460048
468,21,8,124254.00000000001,39741.852656250005,124254.00000000001,6961.9848046875,195481.15821356952,71572.6108723343,195481.15821356952,16620.281767031483,0.08502242322952315,12.183219276338757,8.122228393192543e-06,0.8159806295399515
43,2,20,3149.28,1536.4383947753906,3149.28,173.18534408569337,92402.5258583929,57402.91638375047,92402.5258583929,21740.47323408874,0.23528007521575836,11.433909593385943,8.00865917849336e-06,0.8135593220338984
414,18,23,227094.84000000003,82085.8809375,227094.84000000003,11549.127128906252,261093.8903911776,97487.00935770645,261093.8903911776,15634.350290119133,0.059880184353204684,12.472635354915852,7.909891678425929e-06,0.8111380145278451
170,8,9,1631.3400000000001,975.1193701171876,1631.3400000000001,287.15997985839846,141671.1886582361,55921.4281919939,141671.1886582361,19233.293151808604,0.1357600887941055,11.861264078669503,7.88988945621405e-06,0.8087167070217918
416,19,2,2487.51,1318.56767578125,2487.51,297.3563690185547,229958.44401377608,68939.08443897126,229958.44401377608,16869.38157876123,0.07335839156117545,12.345653893380087,7.712472755994071e-06,0.8062953995157385
210,10,3,3070.71,1687.5531298828125,3070.71,211.13779174804688,77131.83558824065,52240.00056956958,77131.83558824065,26325.187726905548,0.3413011958828454,11.25327138727368,7.258498608719854e-06,0.8038740920096852
374,17,6,34206.3,19177.62802734375,34206.3,4872.566865234376,124745.0609199233,62205.67700849915,124745.0609199233,22517.82874675919,0.18051078399980822,11.734027421005726,7.236558087209133e-06,0.801452784503632
389,17,21,75879.99,39480.172031250004,75879.99,8306.409990234375,167765.02713973224,76772.59080009424,167765.02713973224,20747.391389678527,0.12366934720189288,12.030319631386552,7.145525549923093e-06,0.7990314769975787
463,21,3,5444.01,1546.7292114257814,5444.01,201.56705886840822,128177.30151896823,62926.49157262699,128177.30151896823,22782.29771545021,0.17774050042767353,11.76116975255832,7.124951903803023e-06,0.7966101694915254
330,15,8,86716.98000000001,56640.35742187501,86716.98000000001,23420.191289062503,102429.1083722429,62410.985915950776,102429.1083722429,25255.42350076418,0.24656490622745775,11.536926212640598,6.975281203414063e-06,0.7941888619854721
202,9,18,74149.02,44765.3049609375,74149.02,20082.43599609375,98372.56844175635,57581.06210665119,98372.56844175635,26026.60856626396,0.2645718108059117,11.496517268176682,6.888934623749954e-06,0.7917675544794189
376,17,8,17173.620000000003,9178.000048828126,17173.620000000003,3000.2138964843753,105736.88308618881,59203.5053247025,105736.88308618881,26476.138927642733,0.2503964383559648,11.568709052205264,6.6793814028631715e-06,0.7893462469733656
159,7,21,840.7800000000001,476.33853515625003,840.7800000000001,130.4186022949219,140573.65524561313,75397.57535983648,140573.65524561313,25189.303132656703,0.1791893586934582,11.853486867015505,6.4572179340194324e-06,0.7869249394673123
164,8,3,159399.90000000002,46976.652421875006,159399.90000000002,6340.8235693359375,303066.8146001621,98372.47923758693,303066.8146001621,19814.275509086536,0.0653792317553066,12.621708570414256,6.379895208463715e-06,0.784503631961259
87,4,18,164232.36000000002,72128.696484375,164232.36000000002,22179.63357421875,171606.01828758203,76608.7489037345,171606.01828758203,23958.5363292655,0.1396136136036624,12.05295653702696,6.378298947118388e-06,0.7820823244552058
345,15,23,196996.05000000002,91047.70195312501,196996.05000000002,16821.007382812502,266356.5004093442,115995.48596640088,266356.5004093442,21185.12643775442,0.07953673518459853,12.492590917563927,6.266761996109871e-06,0.7796610169491526
407,18,16,3180.8700000000003,1690.0829956054688,3180.8700000000003,182.02692123413087,113559.54323365854,69355.53754144227,113559.54323365854,29690.55968633134,0.26145367303248535,11.640082588332064,6.0209472998451474e-06,0.7772397094430993
225,10,18,6795.09,2821.734470214844,6795.09,651.8539764404297,195048.93158494146,83489.40437823613,195048.93158494146,25243.04282245157,0.12941902638138025,12.181005737272743,5.940067568488416e-06,0.774818401937046
82,4,13,11791.17,6831.421347656251,11791.17,2158.5356982421877,92518.49707810453,65411.51907298826,92518.49707810453,32518.88631801071,0.35148524181665125,11.43516387192144,5.9193784952560335e-06,0.7723970944309927
381,17,13,22999.140000000003,13696.56685546875,22999.140000000003,5757.498193359375,112183.71299641728,66912.54860865892,112183.71299641728,31356.24968381248,0.27950803950314856,11.627893101074195,5.797079775438085e-06,0.7699757869249395
685,32,18,328.05,91.69202842712403,328.05,13.049193191528321,93273.00613624988,49930.529644051225,93273.00613624988,33872.735988257125,0.3631569024244489,11.443286021674874,5.729391499120773e-06,0.7675544794188862
146,7,8,547.5600000000001,338.6822387695313,547.5600000000001,103.87125274658204,169446.7279160699,90041.83639629906,169446.7279160699,28583.16621529518,0.16868526507902207,12.040293866822612,5.605227746618979e-06,0.7651331719128329
198,9,14,14174.19,4378.43126953125,14174.19,521.3155847167969,118621.31678946453,69355.39626838101,118621.31678946453,32830.34533033715,0.27676598286803883,11.683691486237059,5.523161910603314e-06,0.7627118644067796
75,4,6,160814.16,101458.37250000001,160814.16,26953.721367187503,172020.9455176912,108062.65445582652,172020.9455176912,29123.318964533406,0.16930100504265783,12.055371524647109,5.5062818010709336e-06,0.7602905569007264
195,9,11,46546.65,3082.9046923828128,46546.65,157.0755322265625,143872.5229735615,66488.85404440401,143872.5229735615,31010.711306178222,0.21554297280153245,11.876682929358594,5.492960754693854e-06,0.7578692493946732
412,18,21,202457.88,74077.683046875,202457.88,15211.67818359375,269949.7767405451,109087.32894006565,269949.7767405451,25998.26019770858,0.09630776699139892,12.505991208606066,5.356792042610081e-06,0.7554479418886199
190,9,6,55794.420000000006,30914.143593750003,55794.420000000006,7573.597294921876,163863.32865348711,89906.15100239664,163863.32865348711,30781.698810652742,0.18784983231815783,12.00678799749831,5.346811043915878e-06,0.7530266343825666
136,6,21,24557.58,6745.500439453125,24557.58,904.5680932617188,222015.73832377614,89627.7387868812,222015.73832377614,28023.92578300745,0.12622495141375437,12.310503551691944,5.317304437646442e-06,0.7506053268765133
224,10,17,43777.26,16068.742031250002,43777.26,3142.9374389648438,214675.79412988963,91185.12492323252,214675.79412988963,28940.771271314694,0.1348115253916521,12.27688423475308,5.234268976028744e-06,0.7481840193704601
150,7,12,6724.620000000001,5115.31927734375,6724.620000000001,2498.7958154296875,159032.0465250758,86763.76040653462,159032.0465250758,32430.751729255255,0.20392589064834585,11.976861011365976,5.180194463272336e-06,0.7457627118644068
413,18,22,48132.630000000005,14285.5396875,48132.630000000005,2860.695747070313,111146.10567897838,60701.77471270764,111146.10567897838,36621.09685406432,0.3294860996734918,11.61860088215217,5.1720592090243045e-06,0.7433414043583535
157,7,19,332.1,309.4947756958008,332.1,244.92229156494142,94715.69737631842,66792.54615849053,94715.69737631842,39127.692190033806,0.4131067317656347,11.4586350244273,5.122325602902045e-06,0.7409200968523002
474,21,14,91326.69,40819.836093750004,91326.69,8703.603457031251,193168.46539051548,95658.4723719838,193168.46539051548,31341.90727004864,0.16225167605223165,12.171317964821915,5.062402699484991e-06,0.738498789346247
215,10,8,38715.57,21421.95767578125,38715.57,5571.648676757813,117782.73615242161,78269.2529127469,117782.73615242161,37102.91821870812,0.3150115155305405,11.676596987273228,5.047881575848123e-06,0.7360774818401937
403,18,12,168036.93000000002,96599.403984375,168036.93000000002,27252.9530859375,193244.36868713112,110805.34362634846,193244.36868713112,31539.009759303037,0.16320791117264438,12.17171082598437,5.038161595249946e-06,0.7336561743341404
181,8,20,2682.7200000000003,362.9437261962891,2682.7200000000003,18.59102394104004,84343.62198768175,54753.88630750648,84343.62198768175,41956.231890690986,0.4974440378766118,11.342654471454104,5.004096860994345e-06,0.7312348668280871
677,32,10,38797.380000000005,9583.367871093751,38797.380000000005,1171.3226879882814,181648.3081869801,68124.90816095601,181648.3081869801,33244.353564459794,0.18301493636945762,12.109827724019299,4.918569938339168e-06,0.7288135593220338
406,18,15,104622.03000000001,44931.582773437505,104622.03000000001,10439.70556640625,211523.28233385962,105400.4381506752,211523.28233385962,31621.039895444414,0.14949200649002348,12.262090353366679,4.916015041267485e-06,0.7263922518159807
185,9,1,8914.86,7284.95173828125,8914.86,6424.420078125,104251.32509102559,73260.51437281971,104251.32509102559,40487.25794128051,0.38836204629465987,11.55455985028555,4.874463433779397e-06,0.7239709443099274
343,15,21,316470.24000000005,127697.60109375001,316470.24000000005,22184.56634765625,386540.377105468,151246.44431259768,386540.377105468,26786.918936442158,0.06929914835037612,12.864991610131336,4.788429964985852e-06,0.7215496368038741
171,8,10,2910.3300000000004,804.9360662841798,2910.3300000000004,65.32072311401367,179858.1436554708,68418.1079046092,179858.1436554708,34593.747687846335,0.19233906780508508,12.099923728362596,4.7858002065748195e-06,0.7191283292978208
467,21,7,20359.350000000002,5645.6141748046875,20359.350000000002,1085.3276220703126,175060.190307597,90025.91887533726,175060.190307597,35449.259415072695,0.20249754871615905,12.072885138385102,4.730784775808239e-06,0.7167070217917676
664,31,20,200.88000000000002,23.46777894973755,200.88000000000002,1.0435945808887483,99444.53130336307,67944.05889495074,99444.53130336307,45682.705627041934,0.4593787614894919,11.507355293362032,4.505337749316496e-06,0.7142857142857143
180,8,19,22921.38,5991.317666015625,22921.38,595.7500067138673,106028.95815424899,64920.85719947533,106028.95815424899,47811.14368055457,0.450925336934838,11.571467525919,4.28483033021454e-06,0.711864406779661
483,21,23,458541.81000000006,171502.2365625,458541.81000000006,25560.189140625003,503036.02895886183,187184.96115792988,503036.02895886183,28480.005451154368,0.056616233851280375,13.128417074665533,4.281830450536539e-06,0.7094430992736077
183,8,22,31833.000000000004,24180.126328125003,31833.000000000004,16620.68109375,92783.70892307456,69400.2221079877,92783.70892307456,53802.4037259263,0.5798690777767138,11.438026352965613,4.054784616625007e-06,0.7070217917675545
35,2,12,1398.0600000000002,1011.8498840332032,1398.0600000000002,599.2898510742187,212230.85173156342,130174.60273841793,212230.85173156342,42858.801920018675,0.20194425819968861,12.265429884469352,3.910245812477342e-06,0.7046004842615012
397,18,6,207719.64,126954.83109375,207719.64,33029.45859375,266340.2596745937,155391.85663325488,266340.2596745937,42110.881015732695,0.15810933377921335,12.49252994202973,3.7435289061971133e-06,0.7021791767554479
662,31,18,47429.55,18461.43931640625,47429.55,5903.7609375,132930.23806567877,84058.24816557953,132930.23806567877,53658.211504025836,0.40365692776021467,11.797579743770134,3.7136749069244246e-06,0.6997578692493946
383,17,15,189915.03,68081.075859375,189915.03,13918.89287109375,344301.01322972844,136860.8689427762,344301.01322972844,40548.27539316065,0.11776984044512691,12.749271592191088,3.611786966506436e-06,0.6973365617433414
168,8,7,361602.63,145958.203125,361602.63,17728.97625,523811.62126262236,194652.48538033152,523811.62126262236,36097.651576159806,0.0689134225184775,13.168887397259848,3.5483994492713222e-06,0.6949152542372882
194,9,10,71.28,23.785320739746094,71.28,2.056560673713684,172540.7930606544,107021.19806602436,172540.7930606544,52719.847199048345,0.3055500456666812,12.058388969007247,3.5256026579277844e-06,0.6924939467312349
212,10,5,19447.29,14009.668242187501,19447.29,4928.477036132813,148955.34700281578,104954.49524514757,148955.34700281578,55788.56710598006,0.3745321549613487,11.911401855468348,3.5056145264444893e-06,0.6900726392251816
117,6,2,21.87,11.703845558166504,21.87,2.6269744777679445,328407.37703688064,135398.85010316662,328407.37703688064,43497.8888904134,0.13245101033625234,12.702010119879608,3.467224029773952e-06,0.6876513317191283
270,12,17,349.92,26.255779953002932,349.92,1.0005028653144836,151519.93100821623,111543.59348142271,151519.93100821623,57471.76575057542,0.3793016890131701,11.928472453088599,3.4137273261514167e-06,0.6852300242130751
410,18,19,34970.130000000005,7016.132197265625,34970.130000000005,376.3142138671875,141487.73681609888,89271.5134075702,141487.73681609888,61023.57084098685,0.431299363564655,11.85996832669914,3.319972046722519e-06,0.6828087167070218
226,10,19,51771.15,8240.73908203125,51771.15,393.93611389160156,288586.20033755514,118078.67868131332,288586.20033755514,48403.31149005083,0.1677256619804903,12.572749108300505,3.305304295264655e-06,0.6803874092009685
2,1,2,4176.360000000001,3060.2183642578125,4176.360000000001,1170.6974890136719,309065.6451145332,172501.44242620456,309065.6451145332,48238.149928113795,0.15607735990921204,12.64130897705326,3.2574740679303105e-06,0.6779661016949152
36,2,13,60448.68000000001,46130.9839453125,60448.68000000001,24971.053359375,229542.1701832436,146260.2256096213,229542.1701832436,54056.16841929454,0.2354955883537281,12.343842039678263,3.2217173119297726e-06,0.6755447941888619
683,32,16,120653.55,23665.757343750003,120653.55,3051.1632128906253,321850.8948087523,112168.66730028675,321850.8948087523,48639.2243788272,0.1511234710337817,12.681843657681192,3.204667673117889e-06,0.6731234866828087
148,7,10,679.59,278.1509051513672,679.59,26.252198753356936,260140.51311671792,145322.33265343567,260140.51311671792,56509.65519744587,0.21722743036218867,12.468977199079529,3.0202516866362217e-06,0.6707021791767555
678,32,11,206692.56000000003,18154.409765625,206692.56000000003,940.8911352539063,405690.993422054,110781.9323878424,405690.993422054,48782.80593071638,0.1202462137974209,12.91334704885458,3.017781181724466e-06,0.6682808716707022
41,2,18,203178.78,129482.85375000001,203178.78,53144.498671875,238706.79673545476,149882.0696341121,238706.79673545476,58720.422195830506,0.24599392643564744,12.382991285886584,2.998328147874041e-06,0.6658595641646489
172,8,11,310480.29000000004,38276.239921875,310480.29000000004,1107.2243188476564,658066.242676946,150342.00881721303,658066.242676946,42053.41618737893,0.06390453340428152,13.397060878001607,2.9889439553398844e-06,0.6634382566585957
221,10,14,156457.17,80232.4490625,156457.17,29783.301328125002,236870.06230735857,135150.87931143952,236870.06230735857,60688.9650344015,0.2562120533225196,12.375267009461126,2.930741291207184e-06,0.6610169491525424
504,22,21,6198.120000000001,1730.6183935546876,6198.120000000001,239.13929992675781,196871.13041781212,120664.02797283883,196871.13041781212,64764.399708900426,0.32896849615001145,12.190304633348235,2.9234099913066913e-06,0.6585956416464891
366,16,21,2528.82,1137.3461938476564,2528.82,205.48550308227541,155073.67213948173,116281.5673928355,155073.67213948173,72884.97904611111,0.47000227724377597,11.951655587105845,2.840041795959536e-06,0.6561743341404358
220,10,13,58772.79,40800.3739453125,58772.79,19702.829179687502,180585.23440639698,130973.46978619735,180585.23440639698,71407.84662637551,0.3954246140948387,12.103958158075528,2.776244531821348e-06,0.6537530266343826
291,13,15,300.51000000000005,137.3082865905762,300.51000000000005,25.728685455322267,154993.5834236464,119750.48607125772,154993.5834236464,75490.22572474,0.48705387705245434,11.951138997777695,2.76656818642973e-06,0.6513317191283293
307,14,8,0.81,0.43496328949928287,0.81,0.027002892158925536,221769.7301918649,115439.6135175521,221769.7301918649,67698.29498672757,0.30526391012947596,12.309394871148921,2.7449139717861115e-06,0.648910411622276
15,1,15,66150.27,39357.3589453125,66150.27,12264.574658203126,365688.23476916744,196386.6502804712,365688.23476916744,57604.12043962146,0.15752248763480942,12.80953643181018,2.7341307048400765e-06,0.6464891041162227
347,16,2,164.43,93.8798602294922,164.43,33.03555015563965,161929.61211545696,121366.64070912047,161929.61211545696,76391.04513985006,0.4717546354979391,11.994917026680573,2.71221721992454e-06,0.6440677966101694
489,22,6,218.70000000000002,112.93231201171876,218.70000000000002,16.864150314331056,201503.82660759435,126526.31416613588,201503.82660759435,71202.93142755356,0.3533577134801173,12.213563650796964,2.7070326349409868e-06,0.6416464891041163
46,2,23,213996.33000000002,103657.23773437501,213996.33000000002,18912.4621875,551286.9331843478,263642.29301613715,551286.9331843478,51341.62680232356,0.09313049831557527,13.220010702472736,2.689925133192439e-06,0.639225181598063
320,14,21,113.4,76.53271453857423,113.4,27.220822105407716,251417.2190526959,124017.05764230105,251417.2190526959,67150.94122857375,0.2670896666568379,12.434869065444703,2.6763921694428205e-06,0.6368038740920097
232,11,2,111695.76000000001,65151.824765625,111695.76000000001,19481.6485546875,394741.8785976933,178672.9367706475,394741.8785976933,57778.95940579034,0.1463714962573722,12.885987358372859,2.6762803299051896e-06,0.6343825665859564
177,8,16,284058.09,48983.21226562501,284058.09,3748.9975927734376,668303.8233053335,173312.32134486648,668303.8233053335,49065.485753585526,0.07341793364418413,13.41249817442449,2.652229650790261e-06,0.6319612590799032
336,15,14,1238.49,471.35385131835943,1238.49,110.0053564453125,191526.60084912577,108447.99742698476,191526.60084912577,75266.01004890741,0.3929794071174368,12.162781985784372,2.6298525487300495e-06,0.6295399515738499
469,21,9,143739.36000000002,68540.23828125,143739.36000000002,19317.9399609375,331396.5114156673,175223.92484418518,331396.5114156673,63495.91149477205,0.19160102568228235,12.711070857110705,2.604900500968732e-06,0.6271186440677966
351,16,6,2488.32,1303.4084545898438,2488.32,236.4421096801758,167169.0820224369,127086.40417852599,167169.0820224369,80836.9598660219,0.4835640591432585,12.02676104639989,2.578941706077309e-06,0.6246973365617433
21,1,21,236667.42,130781.15718750001,236667.42,25081.482304687503,461679.2450057657,258260.97388050807,461679.2450057657,60844.98110905211,0.13179059220713343,13.042625654064167,2.475618239849986e-06,0.6222760290556901
229,10,22,176430.15000000002,50601.668203125,176430.15000000002,19819.454941406253,386330.30488034396,156515.78888817935,386330.30488034396,66170.4672364427,0.17127951496566474,12.86444799465932,2.4305228163434833e-06,0.6198547215496368
402,18,11,116602.74,73502.45015625001,116602.74,20290.569609375,243045.7012926503,167310.3249110652,243045.7012926503,78620.08396425055,0.32347860318493943,12.401004775802692,2.3980919081623142e-06,0.6174334140435835
371,17,3,42729.93,24117.64400390625,42729.93,6875.856650390626,290421.57412885677,160608.03789790336,290421.57412885677,74463.48953208522,0.25639792689453095,12.579088850250663,2.389038037509117e-06,0.6150121065375302
498,22,15,1670.22,427.24622680664066,1670.22,92.19418739318849,236476.23130246546,148943.6037758922,236476.23130246546,82244.18021888827,0.34779047249655154,12.373602979971148,2.3343301133182948e-06,0.612590799031477
7,1,7,38773.08,10147.253642578125,38773.08,1513.629656982422,494657.8813600947,221680.35392062567,494657.8813600947,65168.992598124554,0.1317455863008552,13.111621653829925,2.3111627047711636e-06,0.6101694915254238
130,6,15,27228.960000000003,13262.226503906251,27228.960000000003,2642.6965869140627,507824.85441340634,212765.11800613863,507824.85441340634,68270.31288468269,0.13443673008786153,13.137891892335372,2.2173549261150782e-06,0.6077481840193705
496,22,13,13170.6,3601.812919921875,13170.6,555.5236486816407,326729.25964079186,174717.65249777236,326729.25964079186,80527.96206806293,0.24646694378273884,12.696887154768856,2.1874138004251975e-06,0.6053268765133172
676,32,9,144268.29,95489.38757812501,144268.29,38078.777109375005,243720.00718586042,163103.71384119734,243720.00718586042,89643.70152963631,0.3678142905242662,12.403775333846513,2.1718286639105244e-06,0.6029055690072639
251,11,21,20254.86,1731.9204052734376,20254.86,152.68411010742187,485845.6122158082,200982.64566606146,485845.6122158082,71857.15385442977,0.14790120986522665,13.093646182076878,2.1575489733693942e-06,0.6004842615012107
379,17,11,247163.40000000002,59937.323203125,247163.40000000002,6699.774990234376,509871.25814386987,194059.9482309753,509871.25814386987,71152.80626792689,0.1395505338483892,13.141913537821408,2.147477202285586e-06,0.5980629539951574
420,19,6,3789.1800000000003,2023.8811083984376,3789.1800000000003,535.7221051025391,712954.9040590144,235249.60658817866,712954.9040590144,64865.713774447024,0.09098151005786168,13.477173449232108,2.1167061994287195e-06,0.5956416464891041
339,15,17,28986.660000000003,22143.248437500002,28986.660000000003,12988.52876953125,266693.8001169019,139212.49291519195,266693.8001169019,90096.42903026733,0.33782723479426474,12.493856463244112,2.1154574166848406e-06,0.5932203389830508
250,11,20,11837.34,2816.201513671875,11837.34,269.93403259277346,279593.21472274984,172293.58424216608,279593.21472274984,91907.24459858327,0.32871772188649256,12.541091021246,2.059654002795064e-06,0.5907990314769975
149,7,11,1028.7,253.74532928466797,1028.7,12.937475366592409,378738.32704373234,206626.89184934748,378738.32704373234,83474.59698914966,0.22040176826231525,12.844600815644265,2.0520479058205865e-06,0.5883777239709443
342,15,20,1637.0100000000002,403.6409609985352,1637.0100000000002,40.327141456604004,296319.4443031851,141239.0054916279,296319.4443031851,90828.20009892838,0.3065212285090401,12.599193355111469,2.0480127069788523e-06,0.585956416464891
305,14,6,17123.4,10968.435439453126,17123.4,3137.4529321289065,319578.497164256,168011.95748953085,319578.497164256,91129.24935854264,0.28515450872686315,12.674758210148546,2.0047050726113014e-06,0.5835351089588378
340,15,18,113.4,30.804243392944336,113.4,2.07757550239563,306693.88427671546,147211.41701934606,306693.88427671546,95325.15258519074,0.31081530305046234,12.633605409495038,1.958197038520737e-06,0.5811138014527845
25,2,2,996.3000000000001,629.7462268066407,996.3000000000001,250.72753051757815,550303.7419340749,304146.27738186036,550303.7419340749,78968.68025529478,0.143500169520481,13.218225662832246,1.948480975677569e-06,0.5786924939467313
227,10,20,570570.48,240797.154375,570570.48,55831.730625000004,659429.5330748778,281372.54205539206,659429.5330748778,76504.43067875385,0.11601608184276882,13.399130396416153,1.907132384459942e-06,0.576271186440678
650,31,6,192.78,130.9738087463379,192.78,44.2590731048584,301670.8740357917,195681.07862655586,301670.8740357917,101022.7600072162,0.3348774068100136,12.617091880996666,1.882524465313118e-06,0.5738498789346247
358,16,13,149.04000000000002,103.28842254638673,149.04000000000002,33.20411682128906,224467.74611311083,173345.27521747965,224467.74611311083,112675.3793889489,0.5019669032190086,12.321487305968157,1.8675760894426574e-06,0.5714285714285714
139,7,1,112783.59000000001,94063.43953125001,112783.59000000001,64735.383515625006,277544.46563660173,194525.46676223713,277544.46563660173,113291.57811140978,0.40819253178604625,12.533736435860419,1.7638319632640176e-06,0.5690072639225182
684,32,17,147956.22,56775.31734375,147956.22,29540.0671875,307619.2045905261,163577.35185964548,307619.2045905261,110527.04548230048,0.359298261724016,12.636617948314031,1.7511919543355958e-06,0.5665859564164649
378,17,10,8837.91,2468.2444189453126,8837.91,404.6678228759766,402869.8594199556,201986.2932912817,402869.8594199556,103699.18759387177,0.25740120579676995,12.90636885929685,1.7171796315995635e-06,0.5641646489104116
60,3,14,185798.61000000002,68677.248515625,185798.61000000002,8243.563798828125,787239.5364887946,352041.11604876415,787239.5364887946,84070.0557576507,0.10679094717805415,13.576287847657152,1.6999272887119332e-06,0.5617433414043583
187,9,3,20069.370000000003,7984.677832031251,20069.370000000003,1561.1528869628908,359739.4376301451,230511.54671256698,359739.4376301451,110227.06455256222,0.3064080637883488,12.793135264013227,1.687428332841634e-06,0.559322033898305
282,13,6,41.31,22.22406755447388,41.31,3.2334719967842105,257196.65366919816,198042.36973953235,257196.65366919816,124135.69816163546,0.4826489629266197,12.457596260643538,1.6786101698640365e-06,0.5569007263922519
375,17,7,329197.77,95838.11789062501,329197.77,11116.189248046876,605964.7396099422,259571.9142213636,605964.7396099422,95118.9573695218,0.15697110929383384,13.31457707789647,1.654345243684574e-06,0.5544794188861986
659,31,15,1622.43,300.73341247558596,1622.43,35.663109397888185,373267.9376009901,235563.91331552554,373267.9376009901,114664.29298692162,0.30719030871998865,12.830051772119408,1.6231635007191159e-06,0.5520581113801453
248,11,18,1748.7900000000002,1450.7643823242188,1748.7900000000002,867.7759790039063,353599.2350081391,217908.1399447054,353599.2350081391,117294.42380950454,0.3317157171078288,12.775919446304764,1.6175315724620276e-06,0.549636803874092
465,21,5,183102.12000000002,95428.194609375,183102.12000000002,39428.0757421875,436993.77439153945,252713.9480008438,436993.77439153945,109673.45882506095,0.25097258874629935,12.987674227732631,1.6134055853544993e-06,0.5472154963680388
360,16,15,20560.23,8386.263017578125,20560.23,2017.95046875,278011.9581037049,205359.68759858422,278011.9581037049,128314.82814710753,0.4615442768085649,12.535419406509194,1.6058879351854571e-06,0.5447941888619855
23,1,23,542305.53,316419.21,542305.53,80979.92718750001,662311.2100586407,382405.6191316818,662311.2100586407,98450.50662223963,0.14864689760199418,13.40349083028278,1.5767373722219702e-06,0.5423728813559322
652,31,8,54037.530000000006,26998.533984375,54037.530000000006,5756.352407226563,400813.87003179337,258862.22905090608,400813.87003179337,127056.23435408327,0.31699560283182043,12.901252434021771,1.4764068675399145e-06,0.5399515738498789
433,19,19,22.68,1.8379400610923768,22.68,0.03585565645247698,465763.414604941,260278.29964707576,465763.414604941,122571.00576611357,0.26316151488643197,13.051433090206745,1.460853026546971e-06,0.5375302663438256
208,10,1,180310.05000000002,155544.23671875,180310.05000000002,121888.05328125,298495.64002184913,212549.4165224399,298495.64002184913,147173.93261224305,0.4930522020404395,12.606510605416158,1.423414000001344e-06,0.5351089588377724
147,7,9,2.43,1.6217612457275392,2.43,0.17093828827142715,620265.3694254219,317595.2680716709,620265.3694254219,115625.28519046924,0.18641260803835918,13.33790268065119,1.4207072732697057e-06,0.5326876513317191
3,1,3,637246.4400000001,212007.09656250002,637246.4400000001,40458.164765625006,948776.1574667019,386341.2580725178,948776.1574667019,101875.03111543327,0.10737520153061884,13.762928177764305,1.4047422786100938e-06,0.5302663438256658
252,11,22,2044.44,116.16082992553712,2044.44,5.042113194465638,390739.8768870154,252994.99065437075,390739.8768870154,142385.35323454885,0.3643993399622234,12.875797341069095,1.364168268458421e-06,0.5278450363196125
44,2,21,963200.9700000001,406580.00625000003,963200.9700000001,61115.24671875,1198709.9875916166,542737.9449002278,1198709.9875916166,98202.39119688416,0.08192339449359816,13.996756526179848,1.3619722913915666e-06,0.5254237288135594
344,15,22,126936.72,45886.0032421875,126936.72,18203.80078125,497157.6053919842,221804.8517067901,497157.6053919842,133957.34480915184,0.2694464358108996,13.116662368273674,1.344591535668016e-06,0.5230024213075061
353,16,8,3026.9700000000003,1895.36677734375,3026.9700000000003,633.4759149169922,310426.218247931,240593.50959946026,310426.218247931,157764.11452348257,0.5082177511097972,12.645701529729081,1.3379602459284712e-06,0.5205811138014528
386,17,18,128405.25000000001,66314.896171875,128405.25000000001,18350.9518359375,607640.7716509551,270691.6254602697,607640.7716509551,128988.03789250102,0.21227679890873938,13.31733915023547,1.3155729707836628e-06,0.5181598062953995
153,7,15,45527.670000000006,27563.920312500002,45527.670000000006,5280.520122070313,723003.9900576109,390352.3511486759,723003.9900576109,127983.09860967983,0.17701575699393,13.491170019877556,1.2670364158973157e-06,0.5157384987893463
286,13,10,118.26,42.052961425781255,118.26,1.8799602556228638,305942.8209406221,247907.38028022184,305942.8209406221,174937.88364496618,0.5717992764370777,12.631153503802905,1.2426994606684616e-06,0.513317191283293
647,31,3,62229.060000000005,23401.914082031253,62229.060000000005,4399.56087890625,468393.98606275924,296673.40986327926,468393.98606275924,151809.63050032736,0.3241067029412856,13.057065071303802,1.2425435401697271e-06,0.5108958837772397
31,2,8,55028.97,30045.4407421875,55028.97,7412.530693359376,738911.401845716,447975.47031161195,738911.401845716,133475.53494890485,0.1806380773330852,13.512933303495032,1.2210668582923745e-06,0.5084745762711864
384,17,16,508743.99000000005,194065.115625,508743.99000000005,21890.34650390625,835423.0145049605,386381.59134462377,835423.0145049605,130456.64002754507,0.15615638755756406,13.635693479749966,1.204654507036551e-06,0.5060532687651331
126,6,11,1108.0800000000002,270.65390625000003,1108.0800000000002,39.438651695251465,618898.2950132699,317697.2918331592,618898.2950132699,146149.97104627223,0.23614537675069636,13.335696232857396,1.1924358448434091e-06,0.5036319612590799
405,18,14,263673.63,232442.91562500002,263673.63,165844.614375,330878.6777194352,272958.8365298943,330878.6777194352,180865.598198893,0.546622101628005,12.709507054600037,1.1885157356061882e-06,0.5012106537530266
26,2,3,71227.35,51559.784296875005,71227.35,23745.417363281253,752877.7131019002,458914.2849862181,752877.7131019002,141724.73871975252,0.1882440351911047,13.531658093994718,1.1619127047168831e-06,0.49878934624697335
671,32,4,43678.44,35146.551796875,43678.44,27961.472109375,350334.6323340799,244392.43367629225,350334.6323340799,187868.81075743143,0.5362553211076184,12.766644069083476,1.1387472973467538e-06,0.4963680387409201
472,21,12,1459052.1900000002,558751.415625,1459052.1900000002,108139.36640625,1494726.5950066412,579658.815674906,1494726.5950066412,117055.43862240833,0.07831227397267809,14.217453868488192,1.1298075678345398e-06,0.4939467312348668
143,7,5,20723.04,13673.679609375002,20723.04,4962.59947265625,666781.9651686387,367861.998121159,666781.9651686387,153456.41251135242,0.23014481573829174,13.41021838265533,1.128376948433818e-06,0.4915254237288136
128,6,13,9419.49,5246.683637695312,9419.49,1758.4827099609377,814836.0000625892,382466.1041791207,814836.0000625892,149090.45131283914,0.1829698875618986,13.61074214505708,1.096690274815515e-06,0.4891041162227603
491,22,8,33760.8,9734.720009765626,33760.8,767.55884765625,561845.6608950382,330274.4153424189,561845.6608950382,172282.72210757944,0.306637096445895,13.238982466417623,1.0798253327060081e-06,0.48668280871670705
144,7,6,373844.16000000003,213030.10125,373844.16000000003,55601.924765625,894328.1626856735,488144.4278404581,894328.1626856735,147709.1130885067,0.16516209513623642,13.703828059156416,1.0789696073265631e-06,0.48426150121065376
657,31,13,30540.24,19037.9520703125,30540.24,5923.347670898438,603251.5535658144,385593.9039274799,603251.5535658144,169587.4171591093,0.28112222199293085,13.310089558810633,1.0734188478078721e-06,0.48184019370460046
125,6,10,19.44,12.282189216613771,19.44,1.1255908048152925,616406.2847376459,333193.5401623805,616406.2847376459,168390.1658539279,0.27318048180770566,13.3316615782516,1.0733336213153422e-06,0.4794188861985472
38,2,15,356094.63,199433.40328125,356094.63,48416.870390625,972800.0232249417,555021.0968442571,972800.0232249417,148241.52401790448,0.1523864314131769,13.787933814068362,1.0536724227572236e-06,0.47699757869249393
115,5,23,227994.75000000003,114066.27562500001,227994.75000000003,25196.388398437502,1463287.2565272392,553428.5914835294,1463287.2565272392,130160.43362943744,0.08895070537164518,14.196196008320694,1.048931480784887e-06,0.4745762711864407
175,8,14,828431.55,276608.64656250004,828431.55,105156.70593750001,1056485.208984833,356058.47187296394,1056485.208984833,149435.01653322694,0.1414454412256445,13.870458115925892,1.0259679203983296e-06,0.4721549636803874
55,3,9,193.59,112.51320968627931,193.59,33.4478670501709,856500.9506277326,467003.4892556807,856500.9506277326,160565.57093899176,0.18746689168448988,13.660610706643807,1.024513560654583e-06,0.46973365617433416
429,19,15,1489496.85,292849.42500000005,1489496.85,21231.18685546875,2137184.058949282,571538.3805198483,2137184.058949282,120920.04763801688,0.05657914540943451,14.574999660189574,1.0083340852284906e-06,0.46731234866828086
192,9,8,392786.82,160417.8928125,392786.82,27878.175000000003,808317.8415072227,443644.2740466719,808317.8415072227,171781.1389104043,0.2125168220833702,13.602710628356254,9.881250541132758e-07,0.4648910411622276
392,18,1,329929.2,278954.330625,329929.2,221562.16031250003,355756.7119477809,291313.67657399806,355756.7119477809,227458.64121195293,0.639365705756073,12.782002382809342,9.828204550199615e-07,0.46246973365617433
363,16,18,11712.6,6335.7088623046875,11712.6,1215.891474609375,422989.756716088,309068.28013844363,422989.756716088,219988.60198167578,0.5200802111369633,12.955103241933998,9.650652345039035e-07,0.4600484261501211
655,31,11,187.92000000000002,63.068046569824226,187.92000000000002,3.034907569885254,507091.62113847194,350913.01047746954,507091.62113847194,212408.81227842238,0.418876596307277,13.136446978551497,9.46865374773509e-07,0.4576271186440678
234,11,4,324.81,169.78646118164065,324.81,84.65733489990235,539135.1729046558,352218.71081226005,539135.1729046558,208588.35538963942,0.38689435576210784,13.197721603059682,9.452512632623922e-07,0.4552058111380145
8,1,8,506989.53,285442.68375,506989.53,89765.71875,953988.7802882093,518440.9029753805,953988.7802882093,174717.177193778,0.18314384907230696,13.768407189657083,9.360554075188432e-07,0.45278450363196127
654,31,10,1252.26,436.57912353515627,1252.26,33.465893554687504,523420.01625458314,361272.587110185,523420.01625458314,216671.0527911716,0.41395255447354967,13.168139511095482,9.254991094609366e-07,0.45036319612590797
236,11,6,93701.61,65742.011015625,93701.61,21476.447578125,1027354.6582701544,498145.8640247779,1027354.6582701544,181994.82154042184,0.1771489719498252,13.842497763542074,8.911785854825993e-07,0.44794188861985473
145,7,7,643039.56,243655.36593750003,643039.56,51376.6040625,1204722.9451258993,560119.6570910995,1204722.9451258993,173937.86781343792,0.1443799742647556,14.001760177413649,8.859754141443688e-07,0.44552058111380144
240,11,10,20672.82,6687.05466796875,20672.82,645.8304913330079,810623.7875753305,426154.2925750913,810623.7875753305,198659.76733075973,0.2450702414309529,13.605559338385211,8.854252668832885e-07,0.4430992736077482
689,32,22,96329.25,7341.162890625001,96329.25,405.8029055786133,450193.6871165178,301006.70237885084,450193.6871165178,244917.365338928,0.5440266541888208,13.017433184958671,8.766471177867885e-07,0.4406779661016949
241,11,11,67883.67,13540.890234375001,67883.67,1505.4700341796877,1032292.6126398831,459395.26802957983,1032292.6126398831,186694.55817220345,0.180854300308097,13.847292724213684,8.732521972198981e-07,0.43825665859564167
69,3,23,199522.44,78663.28921875001,199522.44,12335.005898437501,1528370.4591917526,702256.3619787107,1528370.4591917526,163990.07807412077,0.10729733559548355,14.239712666438072,8.725065127057618e-07,0.4358353510895884
424,19,10,199.26000000000002,76.30606384277344,199.26000000000002,6.256445775032044,1060832.6409420455,468108.31583611714,1060832.6409420455,190880.07462407378,0.1799342019251666,13.874564668059167,8.530156317965165e-07,0.43341404358353514
245,11,15,767106.4500000001,126563.31000000001,767106.4500000001,6824.554541015626,1568563.0312836994,528840.1437218458,1568563.0312836994,167620.4060067671,0.10686239740687238,14.265670491513893,8.527434202099116e-07,0.43099273607748184
427,19,13,29137.320000000003,5436.296411132813,29137.320000000003,706.7785418701172,1185913.4365852834,586692.0988931636,1185913.4365852834,188907.54039588515,0.15929285778212035,13.986023868173953,8.360628552805949e-07,0.42857142857142855
62,3,16,421970.31000000006,136187.81859375,421970.31000000006,13231.31677734375,1665444.002129023,735298.2926766684,1665444.002129023,170872.96839362336,0.1025990475664073,14.325602313792464,8.28040394917906e-07,0.4261501210653753
63,3,17,817.2900000000001,477.86717285156254,817.2900000000001,147.33658493041995,1120424.0188103647,572807.4564661446,1120424.0188103647,202371.5804002387,0.18062053026595346,13.929217759848378,8.053440582189708e-07,0.423728813559322
686,32,19,109635.93000000001,52635.239648437506,109635.93000000001,18320.74927734375,504697.35753867665,353572.095669176,504697.35753867665,266942.4714632569,0.5289159284785838,13.131714236607646,7.986718602026599e-07,0.4213075060532688
681,32,14,848745.54,386334.05625,848745.54,178441.68375000003,976425.5915588825,448352.24634566414,976425.5915588825,222221.37466768458,0.2275865939901307,13.791653827275121,7.77034166010715e-07,0.4188861985472155
6,1,6,1142441.01,586209.555,1142441.01,165722.810625,1363122.0275709992,698906.1461929396,1363122.0275709992,203006.16616315412,0.14892736090905875,14.125288235336662,7.650214289833812e-07,0.41646489104116224
651,31,7,16015.320000000002,4643.101538085938,16015.320000000002,260.60795837402344,749262.1743772919,486392.5225806639,749262.1743772919,248035.6574343165,0.33103987618280306,13.526844233798707,7.645313711002188e-07,0.41404358353510895
500,22,17,860.22,101.16909393310547,860.22,11.514303846359253,543994.6321565497,407648.3641257545,543994.6321565497,281647.13503053406,0.5177388128151276,13.206694658430113,7.529424338459378e-07,0.4116222760290557
385,17,17,192217.86000000002,88835.59828125,192217.86000000002,41151.695625,931108.3109120274,433330.37677601853,931108.3109120274,237446.0517773952,0.25501442635048016,13.744130887743806,7.481963023581173e-07,0.4092009685230024
425,19,11,321610.5,29315.959804687503,321610.5,854.4883996582032,1591668.5327958514,589683.6222464405,1591668.5327958514,203418.3322803756,0.1278019437395425,14.280293415665355,7.348242555549334e-07,0.4067796610169492
197,9,13,135729.27000000002,57278.029921875,135729.27000000002,14859.840761718751,848404.1744653061,540274.4697971786,848404.1744653061,258590.50815503634,0.30479636467843774,13.651112422058139,7.18338667882179e-07,0.4043583535108959
249,11,19,224037.09000000003,76539.72234375,224037.09000000003,11351.366103515626,811573.911266968,494274.03929813404,811573.911266968,272498.7442546072,0.3357657761930798,13.606730741600689,6.983674875060686e-07,0.4019370460048426
66,3,20,117881.73000000001,21644.2726171875,117881.73000000001,1448.6700695800782,1324349.261342831,654806.479241441,1324349.261342831,231628.75501028562,0.17490005225315292,14.09643177324696,6.979821520758378e-07,0.39951573849878935
81,4,12,736773.5700000001,538392.4706250001,736773.5700000001,283766.59125,739719.0591433396,540026.3244471813,739719.0591433396,284243.25606286473,0.3842583918170821,13.514025743288821,6.924766063898247e-07,0.39709443099273606
663,31,19,13723.830000000002,3010.5188525390627,13723.830000000002,112.89772979736328,505676.8575895305,408194.3310417557,505676.8575895305,323044.7511269186,0.6388363364438192,13.133653122899556,6.918695515389928e-07,0.3946731234866828
355,16,10,835.9200000000001,221.69794921875,835.9200000000001,24.010783367156986,565907.5001265917,445338.3902654425,565907.5001265917,313915.9484476989,0.5547124722281944,13.24618591649144,6.872948535852075e-07,0.3922518159806295
356,16,11,29.160000000000004,11.659981269836427,29.160000000000004,0.8152252221107483,578835.5830216437,453928.51728588203,578835.5830216437,311839.911893715,0.538736596437014,13.268773749081408,6.868341916321796e-07,0.3898305084745763
121,6,6,41977.44,11428.0210546875,41977.44,910.2788305664063,2022718.651639056,751620.507665739,2022718.651639056,206520.98380257364,0.10210069681971089,14.51995303165804,6.842774233906113e-07,0.387409200968523
53,3,7,416580.57,149613.21421875,416580.57,17615.06525390625,1773647.7293242207,833379.5377421017,1773647.7293242207,217499.1581334654,0.12262816033730382,14.388548847907835,6.801884183671447e-07,0.38498789346246975
284,13,8,7307.01,2864.8995996093754,7307.01,237.980387878418,710711.5910017038,521630.924793903,710711.5910017038,297090.0953291217,0.418017799471079,13.474021987956938,6.76628023832393e-07,0.38256658595641646
216,10,9,201653.55000000002,144082.2684375,201653.55000000002,68203.968046875,730506.0118835241,542290.8352734881,730506.0118835241,303502.2246891279,0.41546848314989626,13.501492739959046,6.613206962047258e-07,0.3801452784503632
65,3,19,2725.65,447.7110864257813,2725.65,21.44890468597412,1387083.5059256193,710878.2558795373,1387083.5059256193,252144.38952130947,0.18178025219400915,14.142713903631456,6.47406013465357e-07,0.37772397094430993
12,1,12,865907.01,568191.4087500001,865907.01,243651.79687500003,1004871.372120444,651165.4746645655,1004871.372120444,281834.7566567762,0.28046849027259924,13.8203701033443,6.455292110851829e-07,0.37530266343825663
193,9,9,80455.68000000001,52861.846640625,80455.68000000001,27747.6890625,871237.8262846653,597405.6323512202,871237.8262846653,307016.977957718,0.3523916991379623,13.677670268258725,6.27384092899419e-07,0.3728813559322034
388,17,20,176704.74000000002,58230.703828125006,176704.74000000002,15368.175878906251,1202828.6557200158,517032.3649671767,1202828.6557200158,277641.03043657483,0.2308234253617597,14.000186553989654,6.241309867816014e-07,0.3704600484261501
495,22,12,1174179.24,448874.86500000005,1174179.24,79239.43968750001,1566508.4170226904,729718.0690763075,1566508.4170226904,260486.1998875735,0.16628458363642512,14.264359762499234,6.128690079876264e-07,0.36803874092009686
348,16,3,3338.01,999.1731665039063,3338.01,151.12001266479493,698708.9264894929,535437.5538825188,698708.9264894929,341699.7361595559,0.489044469313352,13.456989520313366,6.118317025238795e-07,0.36561743341404357
380,17,12,701117.37,473651.600625,701117.37,234764.35031250003,897294.058816564,606311.769967812,897294.058816564,324892.87303742155,0.36208071350201615,13.707138912085766,5.968987518700786e-07,0.36319612590799033
141,7,3,1164170.8800000001,634955.608125,1164170.8800000001,205650.15328125,1602005.4721806422,858650.1879793864,1602005.4721806422,280703.3465958248,0.17521996739108062,14.286766822447705,5.762192155644996e-07,0.36077481840193704
382,17,14,523507.86000000004,288843.7725,523507.86000000004,99871.51921875,1119398.8327179188,640863.0253063436,1119398.8327179188,320941.8077849345,0.2867090784842812,13.928302342664079,5.699983098850225e-07,0.3583535108958838
373,17,5,243922.59000000003,182883.33140625,243922.59000000003,94406.746640625,893674.8523709736,603834.0719910414,893674.8523709736,356030.77544167306,0.39838960948392116,13.703097288192081,5.578648674120501e-07,0.3559322033898305
57,3,11,121043.16,20377.244355468752,121043.16,2726.2244750976565,2285696.4954469646,1048431.9827804427,2285696.4954469646,266037.13754343503,0.1163921535835456,14.6421813478765,5.488808212383844e-07,0.35351089588377727
440,20,3,3423.8700000000003,299.30283599853516,3423.8700000000003,21.572293853759767,567695.5175691806,505109.3320115281,567695.5175691806,426371.3064768884,0.751056320301014,13.249340493353788,5.458455608620127e-07,0.35108958837772397
341,15,19,912522.51,160903.01953125,912522.51,26471.122734375003,1376143.7137542148,536637.454444029,1376143.7137542148,318362.0103174719,0.23134357780769746,14.134795735156953,5.446062493197346e-07,0.3486682808716707
154,7,16,983770.1100000001,433594.468125,983770.1100000001,123569.76515625001,1572836.894841715,810307.8772685364,1572836.894841715,308603.6734381259,0.196208312794686,14.268391486163049,5.391600941262453e-07,0.34624697336561744
59,3,13,313963.29000000004,204758.5584375,313963.29000000004,102586.41140625,1597324.2671367088,922731.8610416617,1597324.2671367088,353205.25549833383,0.22112307611244997,14.283840454260593,4.853677398886092e-07,0.34382566585956414
306,14,7,6909.3,1546.0425109863281,6909.3,124.9787013244629,1282362.4662787835,661106.5622687697,1282362.4662787835,383349.2490578762,0.2989398544783489,14.064214611507595,4.822152287475845e-07,0.3414043583535109
56,3,10,165845.07,32413.266914062504,165845.07,1761.035515136719,2541589.38762139,1181116.5266478865,2541589.38762139,309443.69777358876,0.1217520419626828,14.74830018645713,4.772290844723415e-07,0.3389830508474576
292,13,16,323.19,79.24725769042969,323.19,3.3945585823059083,940338.6210562645,717817.4801951788,940338.6210562645,438278.20480710856,0.4660855089784561,13.753995324543316,4.7130946667639506e-07,0.3365617433414044
13,1,13,989087.76,684991.940625,989087.76,373829.80781250005,1194224.6926800855,798386.1674502136,1194224.6926800855,412716.2688804923,0.3455934812018266,13.993007740054333,4.644397801900624e-07,0.3341404358353511
422,19,8,68473.35,17273.04908203125,68473.35,1013.9765295410157,2170450.441701694,1065470.4560107351,2170450.441701694,339633.6117012146,0.15648070334880917,14.590445280796612,4.6296063282991184e-07,0.33171912832929784
308,14,9,263352.87,204470.13515625,263352.87,114623.6821875,968906.7145479799,654575.2180876307,968906.7145479799,445715.7568744345,0.46001926726493214,13.78392361642234,4.6192946057121986e-07,0.32929782082324455
660,31,16,213789.78000000003,116651.44125,213789.78000000003,19182.318750000002,1278486.65342319,827656.1957647571,1278486.65342319,410977.6997561666,0.32145638646735997,14.061187634412263,4.5803838000235686e-07,0.3268765133171913
302,14,3,190743.66,132890.84015625002,190743.66,55133.52328125,1404564.6704341155,754162.2425985273,1404564.6704341155,422516.43249234377,0.30081664546051456,14.1552379696313,4.381991038915345e-07,0.324455205811138
503,22,20,2604.15,517.866410522461,2604.15,31.508173141479496,925488.706608173,697542.7220301871,925488.706608173,487120.36393658054,0.52633852845361,13.738077208444926,4.371391256752233e-07,0.3220338983050847
447,20,10,8.100000000000001,0.3558297657966614,8.100000000000001,0.013428990226238967,702466.6727312296,631075.5679366367,702466.6727312296,538046.9283291446,0.7659394377204946,13.462353238112694,4.3467849775158385e-07,0.3196125907990315
123,6,8,96308.19,31281.459609375,96308.19,5153.4640283203125,2903069.248964701,1132127.790907347,2903069.248964701,339883.48890916526,0.11707729294792926,14.881279096998766,4.302566880554082e-07,0.3171912832929782
450,20,13,5.67,0.9973895931243897,5.67,0.17597722291946413,743185.0757463115,653674.1320615062,743185.0757463115,536169.8777755254,0.7214486610042593,13.518700385206822,4.2972305180910553e-07,0.31476997578692495
430,19,16,444549.87000000005,99596.72671875001,444549.87000000005,7457.634404296876,2443072.0707157394,1069400.880104491,2443072.0707157394,363937.54539764044,0.1489671752872271,14.70876685071171,4.2676161027266346e-07,0.31234866828087166
244,11,14,364842.63,64586.4384375,364842.63,18770.6204296875,1792602.0801445916,884656.0746476991,1792602.0801445916,410596.1484696632,0.2290503581455983,14.39917879831117,4.2121854604282305e-07,0.3099273607748184
311,14,12,363995.37,337073.1215625,363995.37,297479.25843750004,850783.6726439936,668092.6936908265,850783.6726439936,542443.9518377186,0.6375815254563562,13.653913171531686,4.118307475042826e-07,0.3075060532687651
113,5,21,1081995.57,469214.01562500006,1081995.57,81359.15906250001,3986967.1943921098,1451747.511761361,3986967.1943921098,326694.29852804984,0.08194055345816827,15.198541398186203,4.094234166140964e-07,0.3050847457627119
152,7,14,862839.54,673059.27375,862839.54,411402.9234375,1404472.4201560242,923691.3393255061,1404472.4201560242,485790.7850118224,0.34588844753381165,14.155172288563268,3.9466118473274747e-07,0.3026634382566586
279,13,3,14873.220000000001,4119.754526367188,14873.220000000001,296.76515899658204,1209579.8076987427,893984.0368776625,1209579.8076987427,517480.71998650156,0.4278185835220102,14.005783590897321,3.9071531221512856e-07,0.30024213075060535
67,3,21,1414560.51,560582.8762500001,1414560.51,101241.210234375,3614026.3413484753,1619731.5310013967,3614026.3413484753,368067.3375024823,0.10184412141421968,15.100333038804061,3.837039571630285e-07,0.29782082324455206
94,5,2,406714.77,243856.37250000003,406714.77,74770.4671875,4061837.97213148,1477190.2087602213,4061837.97213148,363170.17134566605,0.089410304851498,15.217146131634495,3.7642311412344753e-07,0.29539951573849876
493,22,10,1426.41,340.7198950195313,1426.41,15.185720214843752,1252989.5704236312,886216.1763755484,1252989.5704236312,563265.9027699403,0.44953758280645717,14.04104291015931,3.634274768904433e-07,0.2929782082324455
372,17,4,37827.810000000005,25968.639550781252,37827.810000000005,15047.684824218752,1697551.634437068,842720.2557544869,1697551.634437068,514498.5809688224,0.3030827284022129,14.344697555882899,3.605336520440261e-07,0.29055690072639223
317,14,18,3444.9300000000003,754.1551867675781,3444.9300000000003,106.53489898681642,1876287.357106958,879983.2884035282,1876287.357106958,522792.86815512046,0.2786315572478265,14.444805572248297,3.474302415762409e-07,0.288135593220339
131,6,16,1170917.37,456078.49875,1170917.37,85289.82328125,2902950.1073594377,1326979.9101560393,2902950.1073594377,455324.85266730335,0.15684901077458507,14.881238056279482,3.4553237182599617e-07,0.2857142857142857
362,16,17,5342.76,3135.735241699219,5342.76,890.6910095214845,1120393.5053065105,852146.6907160451,1120393.5053065105,627724.9583363433,0.5602718646290386,13.929190525588089,3.4456412356664856e-07,0.28329297820823246
29,2,6,2445199.6500000004,1511962.6050000002,2445199.6500000004,455527.90125000005,2602281.5814357297,1595850.9621420875,2602281.5814357297,477278.9296217932,0.1834078729322094,14.771899149507638,3.427850706616553e-07,0.28087167070217917
377,17,9,824324.8500000001,583751.10375,824324.8500000001,260111.55375000002,1456498.0513989807,1062700.611972401,1456498.0513989807,609770.9053875761,0.4186554899966293,14.191545517515287,3.2978981612252767e-07,0.2784503631961259
653,31,9,448612.83,263465.611875,448612.83,74878.52625000001,1416799.8222448821,1019817.2967698072,1416799.8222448821,621087.9093478996,0.4383737911286593,14.16391123998836,3.2752753509335264e-07,0.27602905569007263
112,5,20,479018.61000000004,67538.7871875,479018.61000000004,6021.719956054688,2934163.281082684,1070779.0943928126,2934163.281082684,496827.9638408901,0.16932526115505211,14.89193288749401,3.227855520648859e-07,0.2736077481840194
243,11,13,103028.76000000001,70009.02140625,103028.76000000001,34861.495078125,1896353.3233188859,1224289.0401412796,1896353.3233188859,583407.2597169038,0.3076469202985121,14.455443296397172,3.191398550983493e-07,0.2711864406779661
246,11,16,792602.01,268924.7334375,792602.01,43516.55390625,2879735.137171507,1359269.3923417933,2879735.137171507,509060.21079294063,0.17677327481337143,14.87320888162308,3.1843785341933994e-07,0.2687651331719128
486,22,3,12503.970000000001,2263.575651855469,12503.970000000001,132.77040298461915,1669068.194149539,1073886.0642613377,1669068.194149539,616889.7714893311,0.36960129828827193,14.327776061095976,3.159843308120358e-07,0.26634382566585957
417,19,3,1767712.4100000001,334381.66875,1767712.4100000001,25408.567265625003,4183167.3777804356,1598546.052072432,4183167.3777804356,455515.8862637599,0.10889257950406327,15.246579263436962,3.1527221278082607e-07,0.2639225181598063
137,6,22,42853.05,8858.9288671875,42853.05,778.2208978271485,1175457.4403403632,943264.1906607178,1175457.4403403632,718469.0285665329,0.6112250464453178,13.97716794072653,3.07667778698395e-07,0.26150121065375304
365,16,20,59687.280000000006,42696.103007812504,59687.280000000006,18783.56935546875,1313918.9270452596,975777.094205448,1313918.9270452596,703027.7764901104,0.535061762197976,14.088524776766482,3.041363093592153e-07,0.25907990314769974
162,8,1,949635.9,868742.6175,949635.9,776314.8337500001,1012939.3704171182,888912.3912390353,1012939.3704171182,783163.7467732019,0.7731595489774505,13.828366929926437,2.9933293665962424e-07,0.2566585956416465
314,14,15,61336.44,31902.343593750003,61336.44,5282.456528320313,2181510.0576847736,1077791.924005517,2181510.0576847736,611410.24764717,0.2802692774637293,14.595527881979718,2.975095438895181e-07,0.2542372881355932
461,21,1,1970738.1,1321626.375,1970738.1,626445.4443750001,2023486.7188363627,1345120.6784670735,2023486.7188363627,633588.4596778299,0.31311718222800333,14.520332679815368,2.9516116673011794e-07,0.25181598062953997
323,15,1,1082912.49,911819.73375,1082912.49,720094.404375,1469112.6421200172,985352.7598017802,1469112.6421200172,734729.2621170499,0.5001177180374622,14.20016913167172,2.8614127656201305e-07,0.24939467312348668
48,3,2,583754.04,365205.4340625,583754.04,117745.5740625,4135495.770038412,2034789.6825299973,4135495.770038412,523605.23039902275,0.12661244491955057,15.235117775271938,2.84809728801072e-07,0.2469733656174334
309,14,10,205567.47,71199.765703125,205567.47,16977.618984375,2167416.4404293415,1081631.900384703,2167416.4404293415,649762.3898297598,0.29978659278834713,14.589046435765388,2.8470050672524394e-07,0.24455205811138014
64,3,18,2978861.6700000004,1570678.7962500001,2978861.6700000004,585240.035625,3288014.2613042365,1709359.2418736648,3288014.2613042365,622954.3845615155,0.18946219056678057,15.005794372528435,2.6476717329693145e-07,0.24213075060532688
445,20,8,2.43,0.9306012046337129,2.43,0.06763324812054634,1243813.1610215292,1101843.2832154906,1243813.1610215292,915573.2636893941,0.7361019262229421,14.033692348896418,2.529188610767008e-07,0.2397094430992736
494,22,11,17100.72,4030.4219677734377,17100.72,182.3748568725586,1973416.3830630342,1346039.8739456823,1973416.3830630342,816416.8309593955,0.41370733412691946,14.495276803318161,2.4558461975132673e-07,0.23728813559322035
304,14,5,10542.960000000001,8027.360244140626,10542.960000000001,4492.04484375,2108228.6025488526,1217289.7188694554,2108228.6025488526,830811.0144437827,0.3940801360152929,14.561358627995535,2.3841506990862626e-07,0.23486682808716708
428,19,14,1194030.72,462071.63812500006,1194030.72,211887.38109375,3164513.523516922,1577076.3870429324,3164513.523516922,728422.6857544659,0.23018472834488765,14.967509896696637,2.3772532464771956e-07,0.2324455205811138
102,5,10,647535.87,93055.93875,647535.87,5646.15720703125,5482492.908246206,1868713.9576236834,5482492.908246206,608515.2480394638,0.11099243687560402,15.5170704657478,2.3713279628800876e-07,0.23002421307506055
387,17,19,2201506.29,522172.62562500004,2201506.29,131622.10171875,3446363.2934018187,1348857.2683716037,3446363.2934018187,714923.4175195415,0.2074428482012581,15.05283011518003,2.359961265296917e-07,0.22760290556900725
288,13,12,590889.3300000001,407017.30500000005,590889.3300000001,202958.91562500002,1915749.4857298383,1439944.6784654588,1915749.4857298383,879677.5731638746,0.45918194404669044,14.465619480389362,2.3394431936107907e-07,0.22518159806295399
319,14,20,1790.1000000000001,1046.0727795410157,1790.1000000000001,334.8921862792969,2128301.8487404697,1216411.4630100708,2128301.8487404697,854552.8537574956,0.4015186352740428,14.570834965597076,2.3287738515342937e-07,0.22276029055690072
505,22,22,5340.33,1724.2435986328126,5340.33,251.9803262329102,1742361.844317782,1319928.6090039937,1742361.844317782,927647.5378604593,0.5324080878410636,14.37075213257268,2.3020672057505465e-07,0.22033898305084745
421,19,7,1339740.0,439086.825,1339740.0,58323.63234375,4615197.185282888,2150257.4578998755,4615197.185282888,678859.4211115143,0.14709218129970403,15.34486515204486,2.2806430410859946e-07,0.2179176755447942
490,22,7,897763.5000000001,262332.16875,897763.5000000001,29389.767890625,3046866.3835537513,1657782.7750669054,3046866.3835537513,800163.4356151161,0.26261848564617246,14.929624205202504,2.2366211460678187e-07,0.21549636803874092
54,3,8,2448428.31,1232020.935,2448428.31,336026.01937500003,4765373.032308533,2422921.139904772,4765373.032308533,696467.3895544851,0.14615170414415365,15.376886377905215,2.2194223714411265e-07,0.21307506053268765
103,5,11,2573114.04,379425.87000000005,2573114.04,34795.631953125005,7474210.8848983515,2127042.816392154,7474210.8848983515,601197.9839248176,0.08043631537605377,15.826969104430733,2.21454884763439e-07,0.2106537530266344
110,5,18,1625233.4100000001,407590.17750000005,1625233.4100000001,100240.891875,4628920.991521877,1610636.844458013,4628920.991521877,721081.9433926619,0.15577754399208002,15.347834351715202,2.1781178571878002e-07,0.20823244552058112
237,11,7,3282334.6500000004,886159.94625,3282334.6500000004,143409.740625,5348136.945317728,2115701.553369034,5348136.945317728,689432.7318229296,0.12891082238021692,15.492258823704418,2.1728023325007229e-07,0.20581113801452786
390,17,22,1909132.7400000002,770760.765,1909132.7400000002,423492.85687500006,3027244.8169225478,1398068.2818317919,3027244.8169225478,836875.5146622502,0.2764479139526632,14.923163462474607,2.1661188520649688e-07,0.2033898305084746
321,14,22,185187.06,105207.609375,185187.06,68048.44804687501,2011608.57287391,1285570.806164569,2011608.57287391,963803.8063256496,0.4791209479430181,14.514445244989851,2.1580549180999498e-07,0.2009685230024213
283,13,7,114009.12000000001,47186.936015625004,114009.12000000001,8161.86216796875,2149901.3619233505,1604558.2049922713,2149901.3619233505,945691.8339615087,0.4398768477059205,14.580932520876225,2.1528956173355596e-07,0.19854721549636803
109,5,17,182225.7,63988.924218750006,182225.7,16982.736855468753,3959353.7589973896,1561228.3873207355,3959353.7589973896,797454.3474803667,0.20141022904765718,15.191591377740995,2.1001695393874087e-07,0.19612590799031476
315,14,16,341684.73000000004,195077.24859375,341684.73000000004,47388.793710937505,3115220.8540549846,1616772.8317791477,3115220.8540549846,932829.2239083025,0.29944240476371625,14.951810607868557,1.9825128738659714e-07,0.1937046004842615
238,11,8,181644.12000000002,64358.676562500004,181644.12000000002,10118.730410156251,3441056.060195465,2055391.33705853,3441056.060195465,922884.0757330445,0.26819791935636794,15.05128897647936,1.949424998093363e-07,0.19128329297820823
656,31,12,3050157.06,1913842.485,3050157.06,785734.3237500001,3287675.5781529886,2111534.0437415703,3287675.5781529886,942990.9784784073,0.2868260435259182,15.005691361845201,1.9401573070343403e-07,0.18886198547215496
668,32,1,1508687.37,1358971.6275000002,1508687.37,1184023.5750000002,1599048.7222149512,1394412.319898125,1599048.7222149512,1199754.581965391,0.7502926992140235,14.28491946178024,1.939345272150561e-07,0.1864406779661017
114,5,22,79972.92,17535.9146484375,79972.92,4318.573535156251,3711768.136817538,1717163.8999118034,3711768.136817538,967335.8745556789,0.26061322768535605,15.127018907795499,1.846552499795706e-07,0.18401937046004843
310,14,11,575044.92,198102.054375,575044.92,54420.628359375005,3650143.7633607453,1740999.8459062246,3650143.7633607453,997780.2536164691,0.27335368640324376,15.11027711200514,1.8116995414985126e-07,0.18159806295399517
129,6,14,23327.190000000002,18358.871484375002,23327.190000000002,11549.095488281251,3349939.8745186185,1994193.441626053,3349939.8745186185,1032547.3744683464,0.30822862891433894,15.024452955735294,1.8040480798120484e-07,0.1791767554479419
49,3,3,2749232.3400000003,1533083.3550000002,2749232.3400000003,547821.680625,5397453.548327801,2826411.536361633,5397453.548327801,891002.3862997696,0.16507828707035624,15.501437835188222,1.788477360653573e-07,0.17675544794188863
649,31,5,974532.06,699485.4225000001,974532.06,335889.78750000003,2730018.2932293336,1939200.3322943388,2730018.2932293336,1124511.7022161547,0.4119062883223291,14.819818867955298,1.781047450633011e-07,0.17433414043583534
502,22,19,205283.16,71445.92343750001,205283.16,18741.47625,2383258.0151060508,1773219.3545540823,2383258.0151060508,1234605.627240566,0.5180327179915635,14.68397902344932,1.7179120337385e-07,0.17191283292978207
118,6,3,8542806.75,2465372.9025000003,8542806.75,377150.124375,10481537.717174659,3497075.958557283,10481537.717174659,796445.9180080885,0.07598559863053889,16.165125954831602,1.6480346398672907e-07,0.1694915254237288
316,14,17,2214652.5900000003,797620.06125,2214652.5900000003,328857.62062500004,4343348.210551765,1962348.253044895,4343348.210551765,1116614.3859453362,0.2570860847013427,15.284156085726767,1.5942494901999282e-07,0.16707021791767554
122,6,7,3763767.87,1404059.3662500002,3763767.87,319466.2528125,7339961.638156574,3045849.9075303036,7339961.638156574,949795.7881744428,0.12940064744166474,15.808844174167854,1.5786785578786322e-07,0.16464891041162227
124,6,9,2175084.0900000003,1304711.65125,2175084.0900000003,427854.15,5213368.911252035,2869730.587584834,5213368.911252035,1169650.9825549736,0.22435607425181656,15.466736828799002,1.47101817171702e-07,0.162227602905569
134,6,19,3432.78,696.5893212890626,3432.78,36.99298278808594,2344791.1580988066,1964712.5828556104,2344791.1580988066,1527923.8684701088,0.651624714291815,14.667706897516544,1.4700685069257702e-07,0.15980629539951574
487,22,4,728.19,580.3643078613281,728.19,407.997331237793,2738999.3010945697,2097046.1162037426,2738999.3010945697,1470241.6168139223,0.5367805739221542,14.823103193077081,1.4554603655625442e-07,0.15738498789346247
352,16,7,41239.530000000006,18792.6169921875,41239.530000000006,4273.908442382813,2956012.05507544,2286285.1054196157,2956012.05507544,1464383.6547928695,0.4953916382981385,14.899351639213577,1.4322610852879336e-07,0.1549636803874092
499,22,16,2784087.45,1201553.8987500002,2784087.45,163659.42421875,5223966.581054462,2890794.6379954084,5223966.581054462,1212002.4457208666,0.23200807794528863,15.468767552723161,1.4315685703536474e-07,0.15254237288135594
233,11,3,2844475.3800000004,1188379.35,2844475.3800000004,326419.875,6078721.300019999,3132917.596801672,6078721.300019999,1221123.4706904378,0.20088492471046834,15.620304919326864,1.3706202173224824e-07,0.15012106537530268
52,3,6,5772523.32,2827109.5875000004,5772523.32,751357.0631250001,8436933.282712616,4137548.1555131716,8436933.282712616,1104997.7763069805,0.13097149631029265,15.948129445413834,1.3610455329438054e-07,0.14769975786924938
219,10,12,3362374.8000000003,2552215.23,3362374.8000000003,1515357.41625,3405482.5518612205,2580993.9598361724,3405482.5518612205,1528832.653021848,0.44893275174359215,15.040897206132904,1.3385212649374978e-07,0.14527845036319612
419,19,5,1266884.55,736097.3718750001,1266884.55,247269.105,6021549.009410466,3371960.1239566393,6021549.009410466,1331214.5170026093,0.22107509461804423,15.610855094719627,1.2877358790408522e-07,0.14285714285714285
107,5,15,9323222.31,2557003.14,9323222.31,381579.15375,14749981.670179246,4597798.188497348,14749981.670179246,989885.3781995306,0.06711095649703959,16.506752398049617,1.285444386489587e-07,0.14043583535108958
280,13,4,30.78,25.106795768737793,30.78,22.178451290130617,2712951.889061108,2286285.8255771236,2712951.889061108,1748415.608419125,0.6444698173487375,14.813547858001009,1.281137921305131e-07,0.13801452784503632
98,5,6,5253738.57,1946831.7600000002,5253738.57,383713.9340625,11514555.006504027,4378098.217602311,11514555.006504027,1084809.9062034164,0.09421205644427064,16.259122445809698,1.2767704926641699e-07,0.13559322033898305
106,5,14,2610659.97,890192.5312500001,2610659.97,347286.13312500005,8577949.902944194,3281366.3400965407,8577949.902944194,1271758.2033807032,0.14825899169033382,15.964705503862868,1.2198055177048417e-07,0.13317191283292978
658,31,14,3944625.4800000004,2378193.21,3944625.4800000004,1070788.6125,4762355.4043260915,3050018.086961973,4762355.4043260915,1568056.9225660276,0.3292607941737434,15.37625293665982,1.2077111777308858e-07,0.13075060532687652
127,6,12,3235349.79,2458187.3925,3235349.79,1426528.0575,4313349.468132144,3038606.8326759436,4313349.468132144,1715547.670917227,0.39772981150542597,15.277225299041708,1.1572685731930932e-07,0.12832929782082325
318,14,19,2124563.58,605958.46875,2124563.58,234980.44312500002,5243936.816200444,2530746.720555047,5243936.816200444,1614433.2274414175,0.30786664371199923,15.472583075013667,1.1534810906432824e-07,0.12590799031476999
61,3,15,9729588.780000001,4565816.100000001,9729588.780000001,1057289.355,11575294.137568673,5476814.101316088,11575294.137568673,1314111.583564271,0.11352727351430336,16.264383569066723,1.1042888647949667e-07,0.1234866828087167
492,22,9,1350815.9400000002,752955.4968750001,1350815.9400000002,252082.07437500003,4417568.264663146,3066923.4344594222,4417568.264663146,1840256.6821767683,0.4165768522237186,15.30109993629103,1.0914033943265622e-07,0.12106537530266344
235,11,5,2285961.75,1461933.1575000002,2285961.75,623193.091875,5826412.021141586,3714568.0219813455,5826412.021141586,1794014.2802952174,0.30791064445588434,15.577911935103126,1.0380546000554602e-07,0.11864406779661017
444,20,7,16276.95,11642.758066406252,16276.95,4852.273359375,2976206.127929676,2675491.5812888113,2976206.127929676,2279392.921095343,0.7658719937791897,14.906159935953749,1.026029362583003e-07,0.1162227602905569
120,6,5,3291390.45,2300064.4575,3291390.45,1055971.485,6363737.8315157,3878267.5553078004,6363737.8315157,1824727.90830823,0.2867383849899456,15.66612647204061,1.0025666730140159e-07,0.11380145278450363
97,5,5,2004552.36,1390436.38125,2004552.36,686810.998125,8465779.399854137,4127754.9475710974,8465779.399854137,1722290.4341936265,0.20344144972916506,15.951542642536426,9.748625462435712e-08,0.11138014527845036
108,5,16,10207449.9,2248802.595,10207449.9,519777.30375,16462971.711398343,4880593.05198999,16462971.711398343,1397213.7605106048,0.08487008208507256,16.616624278314788,9.657521715666917e-08,0.1089588377723971
451,20,14,123903.27,89450.89453125,123903.27,50021.540507812504,3149897.308430695,2834801.338924524,3149897.308430695,2429318.816978312,0.7712374655758599,14.962880409772216,9.643894638422523e-08,0.10653753026634383
303,14,4,1824076.26,1113083.87625,1824076.26,743810.0906250001,5315563.5966548575,3017573.3782264707,5315563.5966548575,2046769.9664238833,0.3850522958114805,15.486149603017902,9.621678087601282e-08,0.10411622276029056
111,5,19,5906225.16,972083.8350000001,5906225.16,175518.1153125,9543318.748469656,3350680.04404905,9543318.748469656,1741988.3305153502,0.1825348577814915,16.071351860127304,9.380610999087935e-08,0.1016949152542373
58,3,12,5581939.23,4219850.5200000005,5581939.23,2105890.0425,5798753.411485602,4330283.0425389875,5798753.411485602,2139904.662704407,0.36902839470047016,15.573153523361881,9.105639531270526e-08,0.09927360774818401
290,13,14,590584.77,451235.71125000005,590584.77,281363.24531250005,4066581.284050768,3336259.226794172,4066581.284050768,2416378.9980811574,0.5942040326497974,15.21831322508974,9.083616447913556e-08,0.09685230024213075
101,5,9,1441501.9200000002,900105.31125,1441501.9200000002,364669.7709375,7487294.541111396,4476199.706053784,7487294.541111396,1990903.5638827314,0.2659042666147346,15.828718080777117,9.017186031190505e-08,0.09443099273607748
105,5,13,1022776.4700000001,666393.8343750001,1022776.4700000001,261714.8475,7154356.762732945,4527540.415984662,7154356.762732945,2031905.7879544252,0.2840095700201345,15.783232066544675,8.981928734108635e-08,0.09200968523002422
367,16,22,398554.83,95844.14859375001,398554.83,30746.2584375,4363738.004748804,3253173.8669664296,4363738.004748804,2412552.7016449305,0.5528637830730189,15.288839588557456,8.935475470650545e-08,0.08958837772397095
100,5,8,3671299.89,1623407.6700000002,3671299.89,331055.20125000004,11113943.94285175,5502372.443024741,11113943.94285175,1868496.681960293,0.16812183789734425,16.22371108897734,8.567490328292848e-08,0.08716707021791767
361,16,16,220021.11000000002,175154.653125,220021.11000000002,111207.988125,4903906.69706915,3814443.2391067897,4903906.69706915,2479844.027995102,0.5056874408881384,15.405542730534064,8.50131519625208e-08,0.0847457627118644
99,5,7,7061865.12,2855642.6475,7061865.12,652986.25875,15185906.827568322,6261135.936514475,15185906.827568322,1860083.062585364,0.12248745390749997,16.535878373320212,7.951159863850421e-08,0.08232445520581114
442,20,5,150009.57,112454.4515625,150009.57,55752.98343750001,4017460.9102352345,3612204.0513725355,4017460.9102352345,3076379.2386884084,0.7657521273824359,15.206160646673473,7.601899720821592e-08,0.07990314769975787
285,13,9,3295790.37,2076473.6775000002,3295790.37,774546.40125,6503012.4387738565,4707386.736273182,6503012.4387738565,2650509.78843213,0.40758184201349673,15.687776079624157,7.53640521100607e-08,0.0774818401937046
349,16,4,1386.72,1182.58892578125,1386.72,539.4707281494141,4953026.564355454,3926017.548676902,4953026.564355454,2956900.362575063,0.596988593571141,15.415509374841971,7.431812976133045e-08,0.07506053268765134
96,5,4,1407404.9700000002,1036859.535,1407404.9700000002,722963.57625,7258564.355943679,4198539.18151721,7258564.355943679,2728295.6636882205,0.37587262851147063,15.797692620131244,7.174781702090627e-08,0.07263922518159806
196,9,12,7639596.8100000005,5335665.21,7639596.8100000005,2770494.435,7681274.412349128,5354770.412364859,7681274.412349128,2776195.8606746793,0.36142386167214774,15.854296030465443,6.982228428764614e-08,0.07021791767554479
488,22,5,1452044.8800000001,890841.0375000001,1452044.8800000001,342279.826875,6664248.426508955,4730146.507707706,6664248.426508955,2918165.3745274693,0.4378836423503709,15.712267741021874,6.968988264244302e-08,0.06779661016949153
426,19,12,10288909.17,5372601.615,10288909.17,1704101.6925000001,13426940.39143005,7124391.9251506785,13426940.39143005,2331658.2122611534,0.17365521438892884,16.41277372358942,6.921448736374458e-08,0.06537530266343826
357,16,12,4259419.0200000005,3083125.68,4259419.0200000005,1751311.125,6815762.902423581,5215161.832339722,6815762.902423581,3380713.6530973995,0.4960139754707825,15.73474856144371,6.205903979594751e-08,0.06295399515738499
359,16,14,2040141.33,1363856.63625,2040141.33,652168.0068750001,6933011.394470887,5334850.808594773,6933011.394470887,3462259.3788103955,0.4993875217876557,15.751804821435593,6.07001527930251e-08,0.06053268765133172
354,16,9,1493799.57,904806.55125,1493799.57,282442.64625,6837444.69760744,5300905.438334623,6837444.69760744,3483098.2550797737,0.5094151995552637,15.737924637578375,6.06376289180588e-08,0.05811138014527845
281,13,5,5027411.61,3682908.0000000005,5027411.61,1743534.1125,8307222.650862508,6354262.220762947,8307222.650862508,3697034.4417164177,0.44503856428268096,15.93263589326237,5.5231378137676757e-08,0.05569007263922518
95,5,3,15867942.120000001,6812859.78,15867942.120000001,1952143.1325,22430856.823071394,9764859.454668945,22430856.823071394,2997241.4858044647,0.13362135514688114,16.925948105636227,5.042979323022223e-08,0.053268765133171914
497,22,14,3930473.16,2392997.3775,3930473.16,1074585.2850000001,9518873.631133718,6622234.325897624,9518873.631133718,4002412.646363152,0.4204712449666648,16.06878708371027,5.029816962931477e-08,0.05084745762711865
369,17,1,7186366.170000001,5925198.600000001,7186366.170000001,4609642.365,7696341.90866325,6121202.427899088,7696341.90866325,4691148.509981881,0.6095296396202686,15.856255697142196,4.7087919341493034e-08,0.048426150121065374
364,16,19,1335873.06,329776.0846875,1335873.06,141742.153125,8753033.179094413,6529346.434490266,8753033.179094413,4878890.611043073,0.5573942782138342,15.984910847304262,4.42750970330863e-08,0.04600484261501211
313,14,14,13696544.340000002,6209754.03,13696544.340000002,3498422.4000000004,15282995.108581327,7376650.627146589,15282995.108581327,4413264.620332004,0.2887696154436363,16.542251337453738,4.15257875863162e-08,0.043583535108958835
350,16,5,5154566.220000001,3866115.015,5154566.220000001,2061245.8800000001,10231474.028590214,7994572.8664567,10231474.028590214,5077205.640151746,0.49623403489705475,16.14097921636426,4.132728370631611e-08,0.04116222760290557
265,12,12,13849507.98,10216710.63,13849507.98,5265209.79,13849511.799443286,10216710.916586827,13849511.799443286,5265209.800920679,0.3801729531818101,16.44376054083869,3.728375108646986e-08,0.0387409200968523
423,19,9,21724639.020000003,11875557.42,21724639.020000003,3552283.7550000004,24942325.93278879,13764997.86626596,24942325.93278879,4463279.383072282,0.1789439924367649,17.0320767550059,3.6430503946860426e-08,0.03631961259079903
239,11,9,12986960.850000001,8602852.860000001,12986960.850000001,3761559.81,16668850.88601323,11147634.856673857,16668850.88601323,5257305.891579921,0.31539701971845624,16.62905231929839,3.56361787856585e-08,0.03389830508474576
645,31,1,8571110.58,8037954.8100000005,8571110.58,7384256.460000001,8930566.605201134,8262172.117597543,8930566.605201134,7481858.016038116,0.8377808874613516,16.004990400470426,3.196782860648284e-08,0.031476997578692496
93,5,1,10490145.57,8612218.08,10490145.57,6452356.725000001,13462288.587894581,9806413.185764529,13462288.587894581,6983802.223011037,0.5187678289181038,16.415402896545913,3.038024787294091e-08,0.029055690072639227
300,14,1,9735568.200000001,8838127.89,9735568.200000001,7728282.090000001,11748686.280368868,9741192.11221158,11748686.280368868,8230221.902592996,0.7005227398356062,16.27925198637764,2.778970931149871e-08,0.026634382566585957
242,11,12,17974471.86,12348816.120000001,17974471.86,6071411.295000001,20250323.874856923,13908933.607985327,20250323.874856923,6944411.192461765,0.34292840131233854,16.823681345209017,2.7548973546842603e-08,0.024213075060532687
231,11,1,10531567.350000001,8986502.88,10531567.350000001,7082063.28,13484627.154679405,10928184.096957631,13484627.154679405,7965772.914157378,0.5907299343751683,16.417060865280842,2.7514353462265717e-08,0.021791767554479417
415,19,1,16854256.44,11588080.32,16854256.44,6962760.8100000005,19572407.283041347,13030470.008665094,19572407.283041347,7398945.619559417,0.37802941214953595,16.789631340649464,2.6494245020103335e-08,0.01937046004842615
446,20,9,378743.04000000004,273890.71687500004,378743.04000000004,129324.04312500001,15410635.727780439,13865126.219846575,15410635.727780439,11842190.845974233,0.7684427206741742,16.550568460681603,1.9765636904978123e-08,0.01694915254237288
449,20,12,8675521.200000001,6755460.345000001,8675521.200000001,4209628.32,20708360.900543816,17711776.871637125,20708360.900543816,13765103.368891634,0.6647123562797359,16.846048084925453,1.6399059998839505e-08,0.014527845036319613
116,6,1,23961875.220000003,20702385.0,23961875.220000003,16447633.200000001,24267781.28057804,20872206.62499009,24267781.28057804,16515333.896974396,0.6805456875529008,17.00466015533592,1.3748868599172681e-08,0.012106537530266344
104,5,12,45531028.260000005,33175283.400000002,45531028.260000005,16764114.780000001,47150708.20068043,33910424.404101506,47150708.20068043,17025099.751001198,0.36107834644900433,17.668859587093834,1.1382841780260833e-08,0.009685230024213076
277,13,1,29861508.6,25548341.220000003,29861508.6,20132352.360000003,30643750.45868956,26095023.927695416,30643750.45868956,20381284.617413174,0.6651041178816842,17.237939299350135,1.1077221806488069e-08,0.007263922518159807
484,22,1,38369235.06,30831383.160000004,38369235.06,22727670.12,39243188.05115841,31329198.672154993,39243188.05115841,22922059.718599416,0.5841028942072096,17.485288434293928,9.534736666871879e-09,0.004842615012106538
346,16,1,72483657.57000001,61501057.92,72483657.57000001,47636057.88,73266326.21194558,61989196.648286894,73266326.21194558,47880877.32531206,0.6535181958871771,18.109611664466158,4.694532207416557e-09,0.002421307506053269
438,20,1,127991527.92,116612887.68,127991527.92,101814544.08000001,128854404.94358565,117282132.57196182,128854404.94358565,102226377.97585545,0.7933479497314171,18.674193681079664,2.3080379829565345e-09,0.0
