INDEX,SUB_CODE_7
0,ARC01
1,ARC02
2,ARC03
3,ARC04
4,ARC05
5,ARP01
6,ARP02
7,AUA01
8,AUA02
9,AVW01
10,AVW02
11,BBN01
12,BBN02
13,BBN03
14,BBN04
15,BBN05
16,BBN06
17,BBN07
18,BBN08
19,BBN09
20,BBN10
21,BBN11
22,BBN12
23,BBN13
24,BBN14
25,BBS01
26,BBS02
27,BBS03
28,BBS04
29,BBS05
30,BBS06
31,BBS07
32,BBS08
33,BBS09
34,BBS10
35,BBS11
36,BBS12
37,BBS13
38,BBS14
39,BBS15
40,BBS16
41,BBS17
42,BBS18
43,BBS19
44,BBS20
45,BBS21
46,BBS22
47,BBS23
48,BBS24
49,BBS25
50,BBS26
51,BBS27
52,BBS28
53,BEL01
54,BHC01
55,BHC02
56,BHC03
57,BHC04
58,BHC05
59,BHC06
60,BRT01
61,BRT02
62,BRT03
63,BRT04
64,CAR01
65,CAR02
66,CEA01
67,CEA02
68,CEK01
69,CEK02
70,CEK03
71,CER01
72,CER02
73,CER03
74,CHC01
75,CHC02
76,CHC03
77,CHC04
78,CHC05
79,CHC06
80,CHC07
81,CHC08
82,CHC10
83,CHC11
84,CHC12
85,CHC13
86,CMC01
87,CMC02
88,CMC03
89,CMC04
90,CMC05
91,CMC06
92,COO01
93,COO02
94,COO03
95,COP01
96,COP02
97,COP03
98,COP04
99,COP05
100,COS01
101,CYP01
102,CYP02
103,CYP03
104,CYP04
105,CYP05
106,CYP06
107,CYP07
108,CYP08
109,CYP09
110,DAB01
111,DAC01
112,DAL01
113,DAL02
114,DEU01
115,DEU02
116,DEU03
117,DEU04
118,DMR01
119,DMR02
120,DMR03
121,DRP01
122,DRP02
123,DRP03
124,DRP04
125,DRP05
126,DRP06
127,DRP07
128,DRP08
129,DRP09
130,EIU01
131,EIU02
132,EIU03
133,EIU04
134,EIU05
135,EIU06
136,ESP01
137,ESP02
138,EYB01
139,EYB02
140,EYB03
141,EYB04
142,EYB05
143,FIN01
144,FIN02
145,FIN03
146,FIN04
147,FLB01
148,FLB02
149,FLB03
150,FLB04
151,FLB05
152,FLB06
153,FUR01
154,FUR02
155,GAS01
156,GAS02
157,GAS03
158,GAW01
159,GAW02
160,GAW03
161,GAW04
162,GAW05
163,GAW06
164,GAW07
165,GAW08
166,GES01
167,GES02
168,GFU01
169,GFU02
170,GID01
171,GID02
172,GSD01
173,GSD02
174,GSD03
175,GSD04
176,GSD05
177,GSD06
178,GUC01
179,GUC02
180,GUP01
181,GUP02
182,GUP03
183,GUP04
184,GUP05
185,GUP06
186,GUP07
187,GUP08
188,GUP09
189,GUP10
190,GVD01
191,GVD02
192,GVD03
193,GVD04
194,GVD05
195,GVD06
196,HAM01
197,ITI01
198,ITI02
199,ITI03
200,JAF01
201,JAF02
202,KAN01
203,KAN02
204,KIN01
205,LSD01
206,LSD02
207,MAC01
208,MAC02
209,MAC03
210,MAL01
211,MAL02
212,MDD01
213,MDD02
214,MDD03
215,MDD04
216,MDD05
217,MDD06
218,MDD07
219,MGD01
220,MGD02
221,MGD03
222,MGD04
223,MGD05
224,MGD06
225,MGD07
226,MGD08
227,MII01
228,MII02
229,MII03
230,MUL01
231,MUL02
232,MUL03
233,MUL04
234,MUL05
235,MUL06
236,MUL07
237,MUL08
238,MUL09
239,MUL10
240,MUL11
241,MUL12
242,MUL13
243,MUL14
244,MUL15
245,MUL16
246,MUR01
247,MUR02
248,NAN01
249,NAN02
250,NAN03
251,NAN04
252,NCP01
253,NCP02
254,NCP03
255,NCP04
256,NET01
257,NET02
258,NET03
259,NET04
260,NET05
261,NET06
262,NET07
263,NET08
264,NET09
265,NET10
266,NET11
267,NET12
268,NET13
269,NET14
270,NET15
271,NET16
272,NET17
273,NET18
274,NET19
275,NNC01
276,NNC02
277,NNC03
278,NNC04
279,NNC05
280,NNC06
281,NNC07
282,NNC08
283,NNC09
284,NNC10
285,NNC11
286,NNC12
287,NNC13
288,NNC14
289,NNC15
290,NNC16
291,NNC17
292,NNC18
293,NNC19
294,NOK01
295,NOK02
296,NSS01
297,NSS02
298,NSS03
299,NUL01
300,NUL02
301,NUL03
302,OVP01
303,OVP02
304,OVP03
305,OVP04
306,PCK01
307,PIL01
308,PIL02
309,PIL03
310,PIL04
311,PSI01
312,PSI02
313,RIV01
314,RIV02
315,RIV03
316,RIV04
317,RIV05
318,RIV06
319,SAI01
320,SAI02
321,SCP01
322,SCP02
323,SCP03
324,SEC01
325,SEC02
326,SEC03
327,SEH01
328,SEH02
329,SEH03
330,SEH04
331,SEH06
332,SEH07
333,SEH08
334,SEH09
335,SEH10
336,SEH11
337,SEH12
338,SEH13
339,SEH14
340,SEH15
341,SEH16
342,SEH17
343,SEQ01
344,SEQ02
345,SEQ03
346,SEQ04
347,SEQ05
348,SEQ06
349,SEQ07
350,SEQ08
351,SEQ09
352,SEQ10
353,SEQ11
354,SEQ12
355,SEQ13
356,SEQ14
357,SSD01
358,SSD02
359,SSD03
360,SSD04
361,SSD05
362,STP01
363,STP02
364,STP03
365,STP04
366,STP05
367,STP06
368,STP07
369,STU01
370,STU02
371,STU03
372,SVP01
373,SVP02
374,SWA01
375,SWA02
376,SYB01
377,SYB02
378,SYB04
379,SYB05
380,SYB06
381,SYB07
382,SYB08
383,SYB09
384,SYB10
385,SYB11
386,SYB12
387,SYB13
388,SYB14
389,TAN01
390,TAN02
391,TAN03
392,TCH01
393,TIW01
394,TIW02
395,TNM01
396,TNS01
397,TSE01
398,TSR01
399,TWE01
400,VIB01
401,VIB02
402,VIB03
403,VIM01
404,VIM02
405,VIM03
406,VIM04
407,WAR01
408,WET01
409,WET02
410,WET03
411,WET04
412,WET05
413,WET06
414,WET07
415,WET08
416,WET09
417,YAL01
418,YAL02
